idLeitura,tipoMaquina,descricao,valor,metrica
80,Usuário,"Memoria uso %",44.20,%
81,Usuário,"Memoria uso GB",7.00,GB
82,Usuário,"Memoria livre GB",8.90,GB
83,Usuário,"Disco uso %",55.60,%
84,Usuário,"Disco temperatura",33.00,°C
85,Usuário,"Core 1",3905.40,MHz
86,Usuário,"Core 1",63.00,°C
87,Usuário,"Core 1",58.10,%
88,Usuário,"Core 2",3905.40,MHz
89,Usuário,"Core 2",60.00,°C
90,Usuário,"Core 2",60.90,%
91,Usuário,"Core 3",3905.40,MHz
92,Usuário,"Core 3",59.00,°C
93,Usuário,"Core 3",54.70,%
94,Usuário,"Core 4",3905.40,MHz
95,Usuário,"Core 4",55.00,°C
96,Usuário,"Core 4",67.20,%
97,Usuário,"Core 5",3905.40,MHz
98,Usuário,"Core 5",55.00,°C
99,Usuário,"Core 5",40.60,%
100,Usuário,"Core 6",3905.40,MHz
101,Usuário,"Core 6",62.00,°C
102,Usuário,"Core 6",54.70,%
103,Usuário,"Memoria uso %",44.20,%
104,Usuário,"Memoria uso GB",7.00,GB
105,Usuário,"Memoria livre GB",8.90,GB
106,Usuário,"Disco uso %",55.60,%
107,Usuário,"Disco temperatura",33.00,°C
108,Usuário,"Core 1",3905.40,MHz
109,Usuário,"Core 1",59.00,°C
110,Usuário,"Core 1",44.30,%
111,Usuário,"Core 2",3905.40,MHz
112,Usuário,"Core 2",61.00,°C
113,Usuário,"Core 2",37.50,%
114,Usuário,"Core 3",3905.40,MHz
115,Usuário,"Core 3",59.00,°C
116,Usuário,"Core 3",45.30,%
117,Usuário,"Core 4",3905.40,MHz
118,Usuário,"Core 4",58.00,°C
119,Usuário,"Core 4",46.90,%
120,Usuário,"Core 5",3905.40,MHz
121,Usuário,"Core 5",54.00,°C
122,Usuário,"Core 5",42.20,%
123,Usuário,"Core 6",3905.40,MHz
124,Usuário,"Core 6",59.00,°C
125,Usuário,"Core 6",29.70,%
931,Usuário,"Memoria uso %",52.70,%
932,Usuário,"Memoria uso GB",8.40,GB
933,Usuário,"Memoria livre GB",7.50,GB
934,Usuário,"Disco uso %",57.20,%
935,Usuário,"Disco temperatura",33.00,°C
936,Usuário,"Core 1",3905.40,MHz
937,Usuário,"Core 1",46.00,°C
938,Usuário,"Core 1",6.80,%
939,Usuário,"Core 2",3905.40,MHz
940,Usuário,"Core 2",46.00,°C
941,Usuário,"Core 2",9.40,%
942,Usuário,"Core 3",3905.40,MHz
943,Usuário,"Core 3",45.00,°C
944,Usuário,"Core 3",9.40,%
945,Usuário,"Core 4",3905.40,MHz
946,Usuário,"Core 4",45.00,°C
947,Usuário,"Core 4",1.60,%
948,Usuário,"Core 5",3905.40,MHz
949,Usuário,"Core 5",44.00,°C
950,Usuário,"Core 5",4.70,%
951,Usuário,"Core 6",3905.40,MHz
952,Usuário,"Core 6",45.00,°C
953,Usuário,"Core 6",9.40,%
1023,Usuário,"Memoria uso %",52.60,%
1024,Usuário,"Memoria uso GB",8.40,GB
1025,Usuário,"Memoria livre GB",7.60,GB
1026,Usuário,"Disco uso %",57.20,%
1027,Usuário,"Disco temperatura",33.00,°C
1028,Usuário,"Core 1",3905.40,MHz
1029,Usuário,"Core 1",47.00,°C
1030,Usuário,"Core 1",13.00,%
1031,Usuário,"Core 2",3905.40,MHz
1032,Usuário,"Core 2",48.00,°C
1033,Usuário,"Core 2",23.40,%
1034,Usuário,"Core 3",3905.40,MHz
1035,Usuário,"Core 3",46.00,°C
1036,Usuário,"Core 3",10.90,%
1037,Usuário,"Core 4",3905.40,MHz
1038,Usuário,"Core 4",43.00,°C
1039,Usuário,"Core 4",14.10,%
1040,Usuário,"Core 5",3905.40,MHz
1041,Usuário,"Core 5",43.00,°C
1042,Usuário,"Core 5",12.50,%
1043,Usuário,"Core 6",3905.40,MHz
1044,Usuário,"Core 6",45.00,°C
1045,Usuário,"Core 6",3.10,%
1069,Usuário,"Memoria uso %",52.60,%
1070,Usuário,"Memoria uso GB",8.40,GB
1071,Usuário,"Memoria livre GB",7.60,GB
1072,Usuário,"Disco uso %",57.20,%
1073,Usuário,"Disco temperatura",33.00,°C
1074,Usuário,"Core 1",3905.40,MHz
1075,Usuário,"Core 1",49.00,°C
1076,Usuário,"Core 1",10.40,%
1077,Usuário,"Core 2",3905.40,MHz
1078,Usuário,"Core 2",48.00,°C
1079,Usuário,"Core 2",20.30,%
1080,Usuário,"Core 3",3905.40,MHz
1081,Usuário,"Core 3",47.00,°C
1082,Usuário,"Core 3",9.40,%
1083,Usuário,"Core 4",3905.40,MHz
1084,Usuário,"Core 4",44.00,°C
1085,Usuário,"Core 4",3.10,%
1086,Usuário,"Core 5",3905.40,MHz
1087,Usuário,"Core 5",44.00,°C
1088,Usuário,"Core 5",12.50,%
1089,Usuário,"Core 6",3905.40,MHz
1090,Usuário,"Core 6",46.00,°C
1091,Usuário,"Core 6",6.30,%
1115,Usuário,"Memoria uso %",52.40,%
1116,Usuário,"Memoria uso GB",8.40,GB
1117,Usuário,"Memoria livre GB",7.60,GB
1118,Usuário,"Disco uso %",57.20,%
1119,Usuário,"Disco temperatura",33.00,°C
1120,Usuário,"Core 1",3905.40,MHz
1121,Usuário,"Core 1",46.00,°C
1122,Usuário,"Core 1",16.90,%
1123,Usuário,"Core 2",3905.40,MHz
1124,Usuário,"Core 2",49.00,°C
1125,Usuário,"Core 2",25.00,%
1126,Usuário,"Core 3",3905.40,MHz
1127,Usuário,"Core 3",46.00,°C
1128,Usuário,"Core 3",14.10,%
1129,Usuário,"Core 4",3905.40,MHz
1130,Usuário,"Core 4",45.00,°C
1131,Usuário,"Core 4",9.40,%
1132,Usuário,"Core 5",3905.40,MHz
1133,Usuário,"Core 5",44.00,°C
1134,Usuário,"Core 5",12.30,%
1135,Usuário,"Core 6",3905.40,MHz
1136,Usuário,"Core 6",47.00,°C
1137,Usuário,"Core 6",17.20,%
1207,Usuário,"Memoria uso %",52.50,%
1208,Usuário,"Memoria uso GB",8.40,GB
1209,Usuário,"Memoria livre GB",7.60,GB
1210,Usuário,"Disco uso %",57.20,%
1211,Usuário,"Disco temperatura",33.00,°C
1212,Usuário,"Core 1",3905.40,MHz
1213,Usuário,"Core 1",51.00,°C
1214,Usuário,"Core 1",26.00,%
1215,Usuário,"Core 2",3905.40,MHz
1216,Usuário,"Core 2",48.00,°C
1217,Usuário,"Core 2",35.90,%
1218,Usuário,"Core 3",3905.40,MHz
1219,Usuário,"Core 3",46.00,°C
1220,Usuário,"Core 3",29.70,%
1221,Usuário,"Core 4",3905.40,MHz
1222,Usuário,"Core 4",46.00,°C
1223,Usuário,"Core 4",20.30,%
1224,Usuário,"Core 5",3905.40,MHz
1225,Usuário,"Core 5",45.00,°C
1226,Usuário,"Core 5",23.10,%
1227,Usuário,"Core 6",3905.40,MHz
1228,Usuário,"Core 6",47.00,°C
1229,Usuário,"Core 6",25.00,%
1253,Usuário,"Memoria uso %",52.50,%
1254,Usuário,"Memoria uso GB",8.40,GB
1255,Usuário,"Memoria livre GB",7.60,GB
1256,Usuário,"Disco uso %",57.20,%
1257,Usuário,"Disco temperatura",33.00,°C
1258,Usuário,"Core 1",3905.40,MHz
1259,Usuário,"Core 1",48.00,°C
1260,Usuário,"Core 1",12.80,%
1261,Usuário,"Core 2",3905.40,MHz
1262,Usuário,"Core 2",50.00,°C
1263,Usuário,"Core 2",21.90,%
1264,Usuário,"Core 3",3905.40,MHz
1265,Usuário,"Core 3",47.00,°C
1266,Usuário,"Core 3",18.80,%
1267,Usuário,"Core 4",3905.40,MHz
1268,Usuário,"Core 4",44.00,°C
1269,Usuário,"Core 4",4.70,%
1270,Usuário,"Core 5",3905.40,MHz
1271,Usuário,"Core 5",44.00,°C
1272,Usuário,"Core 5",9.40,%
1273,Usuário,"Core 6",3905.40,MHz
1274,Usuário,"Core 6",46.00,°C
1275,Usuário,"Core 6",0.00,%
1345,Usuário,"Memoria uso %",52.50,%
1346,Usuário,"Memoria uso GB",8.40,GB
1347,Usuário,"Memoria livre GB",7.60,GB
1348,Usuário,"Disco uso %",57.20,%
1349,Usuário,"Disco temperatura",33.00,°C
1350,Usuário,"Core 1",3905.40,MHz
1351,Usuário,"Core 1",49.00,°C
1352,Usuário,"Core 1",18.00,%
1353,Usuário,"Core 2",3905.40,MHz
1354,Usuário,"Core 2",49.00,°C
1355,Usuário,"Core 2",18.80,%
1356,Usuário,"Core 3",3905.40,MHz
1357,Usuário,"Core 3",47.00,°C
1358,Usuário,"Core 3",25.00,%
1359,Usuário,"Core 4",3905.40,MHz
1360,Usuário,"Core 4",47.00,°C
1361,Usuário,"Core 4",17.20,%
1362,Usuário,"Core 5",3905.40,MHz
1363,Usuário,"Core 5",46.00,°C
1364,Usuário,"Core 5",14.10,%
1365,Usuário,"Core 6",3905.40,MHz
1366,Usuário,"Core 6",48.00,°C
1367,Usuário,"Core 6",9.40,%
1391,Usuário,"Memoria uso %",52.50,%
1392,Usuário,"Memoria uso GB",8.40,GB
1393,Usuário,"Memoria livre GB",7.60,GB
1394,Usuário,"Disco uso %",57.20,%
1395,Usuário,"Disco temperatura",33.00,°C
1396,Usuário,"Core 1",3905.40,MHz
1397,Usuário,"Core 1",52.00,°C
1398,Usuário,"Core 1",11.50,%
1399,Usuário,"Core 2",3905.40,MHz
1400,Usuário,"Core 2",50.00,°C
1401,Usuário,"Core 2",18.80,%
1402,Usuário,"Core 3",3905.40,MHz
1403,Usuário,"Core 3",47.00,°C
1404,Usuário,"Core 3",9.40,%
1405,Usuário,"Core 4",3905.40,MHz
1406,Usuário,"Core 4",47.00,°C
1407,Usuário,"Core 4",6.30,%
1408,Usuário,"Core 5",3905.40,MHz
1409,Usuário,"Core 5",46.00,°C
1410,Usuário,"Core 5",12.50,%
1411,Usuário,"Core 6",3905.40,MHz
1412,Usuário,"Core 6",48.00,°C
1413,Usuário,"Core 6",6.30,%
1437,Usuário,"Memoria uso %",51.50,%
1438,Usuário,"Memoria uso GB",8.20,GB
1439,Usuário,"Memoria livre GB",7.70,GB
1440,Usuário,"Disco uso %",57.20,%
1441,Usuário,"Disco temperatura",33.00,°C
1442,Usuário,"Core 1",3905.40,MHz
1443,Usuário,"Core 1",48.00,°C
1444,Usuário,"Core 1",12.20,%
1445,Usuário,"Core 2",3905.40,MHz
1446,Usuário,"Core 2",52.00,°C
1447,Usuário,"Core 2",20.30,%
1448,Usuário,"Core 3",3905.40,MHz
1449,Usuário,"Core 3",49.00,°C
1450,Usuário,"Core 3",12.50,%
1451,Usuário,"Core 4",3905.40,MHz
1452,Usuário,"Core 4",47.00,°C
1453,Usuário,"Core 4",6.30,%
1454,Usuário,"Core 5",3905.40,MHz
1455,Usuário,"Core 5",47.00,°C
1456,Usuário,"Core 5",9.40,%
1457,Usuário,"Core 6",3905.40,MHz
1458,Usuário,"Core 6",48.00,°C
1459,Usuário,"Core 6",9.40,%
1483,Usuário,"Memoria uso %",51.50,%
1484,Usuário,"Memoria uso GB",8.20,GB
1485,Usuário,"Memoria livre GB",7.70,GB
1486,Usuário,"Disco uso %",57.20,%
1487,Usuário,"Disco temperatura",33.00,°C
1488,Usuário,"Core 1",3905.40,MHz
1489,Usuário,"Core 1",47.00,°C
1490,Usuário,"Core 1",9.60,%
1491,Usuário,"Core 2",3905.40,MHz
1492,Usuário,"Core 2",49.00,°C
1493,Usuário,"Core 2",18.80,%
1494,Usuário,"Core 3",3905.40,MHz
1495,Usuário,"Core 3",47.00,°C
1496,Usuário,"Core 3",9.40,%
1497,Usuário,"Core 4",3905.40,MHz
1498,Usuário,"Core 4",45.00,°C
1499,Usuário,"Core 4",1.60,%
1500,Usuário,"Core 5",3905.40,MHz
1501,Usuário,"Core 5",44.00,°C
1502,Usuário,"Core 5",9.40,%
1503,Usuário,"Core 6",3905.40,MHz
1504,Usuário,"Core 6",46.00,°C
1505,Usuário,"Core 6",6.30,%
1713,Usuário,"Memoria uso %",51.70,%
1714,Usuário,"Memoria uso GB",8.20,GB
1715,Usuário,"Memoria livre GB",7.70,GB
1716,Usuário,"Disco uso %",57.20,%
1717,Usuário,"Disco temperatura",33.00,°C
1718,Usuário,"Core 1",3905.40,MHz
1719,Usuário,"Core 1",47.00,°C
1720,Usuário,"Core 1",8.90,%
1721,Usuário,"Core 2",3905.40,MHz
1722,Usuário,"Core 2",48.00,°C
1723,Usuário,"Core 2",15.60,%
1724,Usuário,"Core 3",3905.40,MHz
1725,Usuário,"Core 3",48.00,°C
1726,Usuário,"Core 3",6.30,%
1727,Usuário,"Core 4",3905.40,MHz
1728,Usuário,"Core 4",45.00,°C
1729,Usuário,"Core 4",3.10,%
1730,Usuário,"Core 5",3905.40,MHz
1731,Usuário,"Core 5",46.00,°C
1732,Usuário,"Core 5",12.50,%
1733,Usuário,"Core 6",3905.40,MHz
1734,Usuário,"Core 6",48.00,°C
1735,Usuário,"Core 6",9.40,%
21677,Usuário,"Memoria uso %",41.30,%
21678,Usuário,"Memoria uso GB",6.60,GB
21679,Usuário,"Memoria livre GB",9.30,GB
21680,Usuário,"Disco uso %",56.90,%
21681,Usuário,"Disco temperatura",33.00,°C
21682,Usuário,"Core 1",4005.50,MHz
21683,Usuário,"Core 1",39.00,°C
21684,Usuário,"Core 1",2.10,%
21685,Usuário,"Core 2",3905.40,MHz
21686,Usuário,"Core 2",40.00,°C
21687,Usuário,"Core 2",4.70,%
21688,Usuário,"Core 3",3905.40,MHz
21689,Usuário,"Core 3",40.00,°C
21690,Usuário,"Core 3",0.00,%
21691,Usuário,"Core 4",3905.40,MHz
21692,Usuário,"Core 4",37.00,°C
21693,Usuário,"Core 4",1.60,%
21694,Usuário,"Core 5",3905.40,MHz
21695,Usuário,"Core 5",37.00,°C
21696,Usuário,"Core 5",3.10,%
21697,Usuário,"Core 6",3905.40,MHz
21698,Usuário,"Core 6",39.00,°C
21699,Usuário,"Core 6",0.00,%
21746,Usuário,"Memoria uso %",41.50,%
21747,Usuário,"Memoria uso GB",6.60,GB
21748,Usuário,"Memoria livre GB",9.30,GB
21749,Usuário,"Disco uso %",56.90,%
21750,Usuário,"Disco temperatura",33.00,°C
21751,Usuário,"Core 1",4005.50,MHz
21752,Usuário,"Core 1",39.00,°C
21753,Usuário,"Core 1",1.80,%
21754,Usuário,"Core 2",3905.40,MHz
21755,Usuário,"Core 2",40.00,°C
21756,Usuário,"Core 2",4.70,%
21757,Usuário,"Core 3",3905.40,MHz
21758,Usuário,"Core 3",39.00,°C
21759,Usuário,"Core 3",3.10,%
21760,Usuário,"Core 4",3905.40,MHz
21761,Usuário,"Core 4",37.00,°C
21762,Usuário,"Core 4",0.00,%
21763,Usuário,"Core 5",3905.40,MHz
21764,Usuário,"Core 5",37.00,°C
21765,Usuário,"Core 5",1.60,%
21766,Usuário,"Core 6",3905.40,MHz
21767,Usuário,"Core 6",39.00,°C
21768,Usuário,"Core 6",1.60,%
21792,Usuário,"Memoria uso %",41.40,%
21793,Usuário,"Memoria uso GB",6.60,GB
21794,Usuário,"Memoria livre GB",9.30,GB
21795,Usuário,"Disco uso %",56.90,%
21796,Usuário,"Disco temperatura",33.00,°C
21797,Usuário,"Core 1",3905.40,MHz
21798,Usuário,"Core 1",39.00,°C
21799,Usuário,"Core 1",3.40,%
21800,Usuário,"Core 2",3905.40,MHz
21801,Usuário,"Core 2",41.00,°C
21802,Usuário,"Core 2",6.30,%
21803,Usuário,"Core 3",4005.50,MHz
21804,Usuário,"Core 3",40.00,°C
21805,Usuário,"Core 3",3.10,%
21806,Usuário,"Core 4",3905.40,MHz
21807,Usuário,"Core 4",38.00,°C
21808,Usuário,"Core 4",1.60,%
21809,Usuário,"Core 5",3905.40,MHz
21810,Usuário,"Core 5",37.00,°C
21811,Usuário,"Core 5",4.70,%
21812,Usuário,"Core 6",3905.40,MHz
21813,Usuário,"Core 6",38.00,°C
21814,Usuário,"Core 6",1.60,%
21815,Usuário,"Memoria uso %",41.40,%
21816,Usuário,"Memoria uso GB",6.60,GB
21817,Usuário,"Memoria livre GB",9.30,GB
21818,Usuário,"Disco uso %",56.90,%
21819,Usuário,"Disco temperatura",33.00,°C
21820,Usuário,"Core 1",3905.40,MHz
21821,Usuário,"Core 1",41.00,°C
21822,Usuário,"Core 1",4.70,%
21823,Usuário,"Core 2",3905.40,MHz
21824,Usuário,"Core 2",42.00,°C
21825,Usuário,"Core 2",4.70,%
21826,Usuário,"Core 3",3905.40,MHz
21827,Usuário,"Core 3",41.00,°C
21828,Usuário,"Core 3",4.70,%
21829,Usuário,"Core 4",3905.40,MHz
21830,Usuário,"Core 4",38.00,°C
21831,Usuário,"Core 4",1.60,%
21832,Usuário,"Core 5",3905.40,MHz
21833,Usuário,"Core 5",40.00,°C
21834,Usuário,"Core 5",6.30,%
21835,Usuário,"Core 6",3905.40,MHz
21836,Usuário,"Core 6",42.00,°C
21837,Usuário,"Core 6",4.70,%
21838,Usuário,"Memoria uso %",41.40,%
21839,Usuário,"Memoria uso GB",6.60,GB
21840,Usuário,"Memoria livre GB",9.30,GB
21841,Usuário,"Disco uso %",56.90,%
21842,Usuário,"Disco temperatura",33.00,°C
21843,Usuário,"Core 1",3905.40,MHz
21844,Usuário,"Core 1",38.00,°C
21845,Usuário,"Core 1",2.30,%
21846,Usuário,"Core 2",3905.40,MHz
21847,Usuário,"Core 2",40.00,°C
21848,Usuário,"Core 2",10.90,%
21849,Usuário,"Core 3",3905.40,MHz
21850,Usuário,"Core 3",39.00,°C
21851,Usuário,"Core 3",1.60,%
21852,Usuário,"Core 4",3905.40,MHz
21853,Usuário,"Core 4",37.00,°C
21854,Usuário,"Core 4",0.00,%
21855,Usuário,"Core 5",3905.40,MHz
21856,Usuário,"Core 5",37.00,°C
21857,Usuário,"Core 5",0.00,%
21858,Usuário,"Core 6",3905.40,MHz
21859,Usuário,"Core 6",39.00,°C
21860,Usuário,"Core 6",0.00,%
21861,Usuário,"Memoria uso %",41.50,%
21862,Usuário,"Memoria uso GB",6.60,GB
21863,Usuário,"Memoria livre GB",9.30,GB
21864,Usuário,"Disco uso %",56.90,%
21865,Usuário,"Disco temperatura",33.00,°C
21866,Usuário,"Core 1",4005.50,MHz
21867,Usuário,"Core 1",39.00,°C
21868,Usuário,"Core 1",4.20,%
21869,Usuário,"Core 2",4005.50,MHz
21870,Usuário,"Core 2",40.00,°C
21871,Usuário,"Core 2",10.90,%
21872,Usuário,"Core 3",3905.40,MHz
21873,Usuário,"Core 3",39.00,°C
21874,Usuário,"Core 3",3.10,%
21875,Usuário,"Core 4",3905.40,MHz
21876,Usuário,"Core 4",37.00,°C
21877,Usuário,"Core 4",1.60,%
21878,Usuário,"Core 5",3905.40,MHz
21879,Usuário,"Core 5",38.00,°C
21880,Usuário,"Core 5",1.60,%
21881,Usuário,"Core 6",3905.40,MHz
21882,Usuário,"Core 6",38.00,°C
21883,Usuário,"Core 6",3.10,%
21907,Usuário,"Memoria uso %",41.40,%
21908,Usuário,"Memoria uso GB",6.60,GB
21909,Usuário,"Memoria livre GB",9.30,GB
21910,Usuário,"Disco uso %",56.90,%
21911,Usuário,"Disco temperatura",33.00,°C
21912,Usuário,"Core 1",3905.40,MHz
21913,Usuário,"Core 1",39.00,°C
21914,Usuário,"Core 1",1.80,%
21915,Usuário,"Core 2",4005.50,MHz
21916,Usuário,"Core 2",40.00,°C
21917,Usuário,"Core 2",6.30,%
21918,Usuário,"Core 3",3905.40,MHz
21919,Usuário,"Core 3",38.00,°C
21920,Usuário,"Core 3",1.60,%
21921,Usuário,"Core 4",3905.40,MHz
21922,Usuário,"Core 4",37.00,°C
21923,Usuário,"Core 4",0.00,%
21924,Usuário,"Core 5",3905.40,MHz
21925,Usuário,"Core 5",38.00,°C
21926,Usuário,"Core 5",0.00,%
21927,Usuário,"Core 6",3905.40,MHz
21928,Usuário,"Core 6",41.00,°C
21929,Usuário,"Core 6",1.60,%
21976,Usuário,"Memoria uso %",45.70,%
21977,Usuário,"Memoria uso GB",7.30,GB
21978,Usuário,"Memoria livre GB",8.60,GB
21979,Usuário,"Disco uso %",56.90,%
21980,Usuário,"Disco temperatura",33.00,°C
21981,Usuário,"Core 1",3905.40,MHz
21982,Usuário,"Core 1",43.00,°C
21983,Usuário,"Core 1",6.30,%
21984,Usuário,"Core 2",3905.40,MHz
21985,Usuário,"Core 2",44.00,°C
21986,Usuário,"Core 2",12.50,%
21987,Usuário,"Core 3",3905.40,MHz
21988,Usuário,"Core 3",43.00,°C
21989,Usuário,"Core 3",4.70,%
21990,Usuário,"Core 4",3905.40,MHz
21991,Usuário,"Core 4",41.00,°C
21992,Usuário,"Core 4",6.30,%
21993,Usuário,"Core 5",3905.40,MHz
21994,Usuário,"Core 5",41.00,°C
21995,Usuário,"Core 5",0.00,%
21996,Usuário,"Core 6",3905.40,MHz
21997,Usuário,"Core 6",42.00,°C
21998,Usuário,"Core 6",3.10,%
21999,Usuário,"Memoria uso %",45.90,%
22000,Usuário,"Memoria uso GB",7.30,GB
22001,Usuário,"Memoria livre GB",8.60,GB
22002,Usuário,"Disco uso %",56.90,%
22003,Usuário,"Disco temperatura",33.00,°C
22004,Usuário,"Core 1",3905.40,MHz
22005,Usuário,"Core 1",42.00,°C
22006,Usuário,"Core 1",4.40,%
22007,Usuário,"Core 2",3905.40,MHz
22008,Usuário,"Core 2",42.00,°C
22009,Usuário,"Core 2",10.90,%
22010,Usuário,"Core 3",3905.40,MHz
22011,Usuário,"Core 3",42.00,°C
22012,Usuário,"Core 3",3.10,%
22013,Usuário,"Core 4",3905.40,MHz
22014,Usuário,"Core 4",40.00,°C
22015,Usuário,"Core 4",1.60,%
22016,Usuário,"Core 5",3905.40,MHz
22017,Usuário,"Core 5",40.00,°C
22018,Usuário,"Core 5",3.10,%
22019,Usuário,"Core 6",3905.40,MHz
22020,Usuário,"Core 6",41.00,°C
22021,Usuário,"Core 6",1.60,%
22032,Usuário,"Memoria uso %",63.40,%
22033,Usuário,"Memoria uso GB",10.10,GB
22034,Usuário,"Memoria livre GB",5.80,GB
22035,Usuário,"Disco uso %",57.10,%
22036,Usuário,"Disco temperatura",33.00,°C
22037,Usuário,"Core 1",3905.40,MHz
22038,Usuário,"Core 1",49.00,°C
22039,Usuário,"Core 1",25.50,%
22040,Usuário,"Core 2",3905.40,MHz
22041,Usuário,"Core 2",59.00,°C
22042,Usuário,"Core 2",9.40,%
22043,Usuário,"Core 3",3905.40,MHz
22044,Usuário,"Core 3",49.00,°C
22045,Usuário,"Core 3",57.80,%
22046,Usuário,"Core 4",3905.40,MHz
22047,Usuário,"Core 4",47.00,°C
22048,Usuário,"Core 4",21.90,%
22049,Usuário,"Core 5",3905.40,MHz
22050,Usuário,"Core 5",47.00,°C
22051,Usuário,"Core 5",18.80,%
22052,Usuário,"Core 6",3905.40,MHz
22053,Usuário,"Core 6",50.00,°C
22054,Usuário,"Core 6",18.80,%
22078,Usuário,"Memoria uso %",49.30,%
22079,Usuário,"Memoria uso GB",7.90,GB
22080,Usuário,"Memoria livre GB",8.10,GB
22081,Usuário,"Disco uso %",57.10,%
22082,Usuário,"Disco temperatura",33.00,°C
22083,Usuário,"Core 1",3905.40,MHz
22084,Usuário,"Core 1",39.00,°C
22085,Usuário,"Core 1",3.40,%
22086,Usuário,"Core 2",4005.50,MHz
22087,Usuário,"Core 2",40.00,°C
22088,Usuário,"Core 2",6.30,%
22089,Usuário,"Core 3",3905.40,MHz
22090,Usuário,"Core 3",38.00,°C
22091,Usuário,"Core 3",6.30,%
22092,Usuário,"Core 4",3905.40,MHz
22093,Usuário,"Core 4",36.00,°C
22094,Usuário,"Core 4",1.60,%
22095,Usuário,"Core 5",3905.40,MHz
22096,Usuário,"Core 5",37.00,°C
22097,Usuário,"Core 5",1.60,%
22098,Usuário,"Core 6",3905.40,MHz
22099,Usuário,"Core 6",39.00,°C
22100,Usuário,"Core 6",1.60,%
22174,Usuário,"Memoria uso %",47.90,%
22175,Usuário,"Memoria uso GB",7.60,GB
22176,Usuário,"Memoria livre GB",8.30,GB
22177,Usuário,"Disco uso %",57.10,%
22178,Usuário,"Disco temperatura",33.00,°C
22179,Usuário,"Core 1",3905.40,MHz
22180,Usuário,"Core 1",44.00,°C
22181,Usuário,"Core 1",6.80,%
22182,Usuário,"Core 2",3905.40,MHz
22183,Usuário,"Core 2",44.00,°C
22184,Usuário,"Core 2",9.40,%
22185,Usuário,"Core 3",3905.40,MHz
22186,Usuário,"Core 3",43.00,°C
22187,Usuário,"Core 3",7.80,%
22188,Usuário,"Core 4",3905.40,MHz
22189,Usuário,"Core 4",40.00,°C
22190,Usuário,"Core 4",6.30,%
22191,Usuário,"Core 5",3905.40,MHz
22192,Usuário,"Core 5",41.00,°C
22193,Usuário,"Core 5",1.60,%
22194,Usuário,"Core 6",3905.40,MHz
22195,Usuário,"Core 6",44.00,°C
22196,Usuário,"Core 6",7.80,%
22197,Usuário,"Memoria uso %",47.30,%
22198,Usuário,"Memoria uso GB",7.50,GB
22199,Usuário,"Memoria livre GB",8.40,GB
22200,Usuário,"Disco uso %",57.10,%
22201,Usuário,"Disco temperatura",33.00,°C
22202,Usuário,"Core 1",3905.40,MHz
22203,Usuário,"Core 1",42.00,°C
22204,Usuário,"Core 1",8.60,%
22205,Usuário,"Core 2",3905.40,MHz
22206,Usuário,"Core 2",43.00,°C
22207,Usuário,"Core 2",12.50,%
22208,Usuário,"Core 3",3905.40,MHz
22209,Usuário,"Core 3",42.00,°C
22210,Usuário,"Core 3",10.90,%
22211,Usuário,"Core 4",3905.40,MHz
22212,Usuário,"Core 4",40.00,°C
22213,Usuário,"Core 4",4.70,%
22214,Usuário,"Core 5",3905.40,MHz
22215,Usuário,"Core 5",42.00,°C
22216,Usuário,"Core 5",1.60,%
22217,Usuário,"Core 6",3905.40,MHz
22218,Usuário,"Core 6",42.00,°C
22219,Usuário,"Core 6",12.50,%
22266,Usuário,"Memoria uso %",29.40,%
22267,Usuário,"Memoria uso GB",4.70,GB
22268,Usuário,"Memoria livre GB",11.20,GB
22269,Usuário,"Disco uso %",57.50,%
22270,Usuário,"Disco temperatura",33.00,°C
22271,Usuário,"Core 1",4005.50,MHz
22272,Usuário,"Core 1",43.00,°C
22273,Usuário,"Core 1",3.90,%
22274,Usuário,"Core 2",4005.50,MHz
22275,Usuário,"Core 2",44.00,°C
22276,Usuário,"Core 2",6.30,%
22277,Usuário,"Core 3",3905.40,MHz
22278,Usuário,"Core 3",43.00,°C
22279,Usuário,"Core 3",1.60,%
22280,Usuário,"Core 4",3905.40,MHz
22281,Usuário,"Core 4",40.00,°C
22282,Usuário,"Core 4",1.60,%
22283,Usuário,"Core 5",4005.50,MHz
22284,Usuário,"Core 5",40.00,°C
22285,Usuário,"Core 5",0.00,%
22286,Usuário,"Core 6",3905.40,MHz
22287,Usuário,"Core 6",43.00,°C
22288,Usuário,"Core 6",4.70,%
22289,Usuário,"Memoria uso %",29.50,%
22290,Usuário,"Memoria uso GB",4.70,GB
22291,Usuário,"Memoria livre GB",11.20,GB
22292,Usuário,"Disco uso %",57.50,%
22293,Usuário,"Disco temperatura",33.00,°C
22294,Usuário,"Core 1",4005.50,MHz
22295,Usuário,"Core 1",42.00,°C
22296,Usuário,"Core 1",2.90,%
22297,Usuário,"Core 2",3905.40,MHz
22298,Usuário,"Core 2",43.00,°C
22299,Usuário,"Core 2",1.60,%
22300,Usuário,"Core 3",3905.40,MHz
22301,Usuário,"Core 3",43.00,°C
22302,Usuário,"Core 3",3.10,%
22303,Usuário,"Core 4",3905.40,MHz
22304,Usuário,"Core 4",40.00,°C
22305,Usuário,"Core 4",0.00,%
22306,Usuário,"Core 5",3905.40,MHz
22307,Usuário,"Core 5",40.00,°C
22308,Usuário,"Core 5",1.60,%
22309,Usuário,"Core 6",3905.40,MHz
22310,Usuário,"Core 6",41.00,°C
22311,Usuário,"Core 6",1.60,%
22381,Usuário,"Memoria uso %",29.40,%
22382,Usuário,"Memoria uso GB",4.70,GB
22383,Usuário,"Memoria livre GB",11.20,GB
22384,Usuário,"Disco uso %",57.50,%
22385,Usuário,"Disco temperatura",33.00,°C
22386,Usuário,"Core 1",3905.40,MHz
22387,Usuário,"Core 1",42.00,°C
22388,Usuário,"Core 1",3.40,%
22389,Usuário,"Core 2",3905.40,MHz
22390,Usuário,"Core 2",43.00,°C
22391,Usuário,"Core 2",7.80,%
22392,Usuário,"Core 3",3905.40,MHz
22393,Usuário,"Core 3",42.00,°C
22394,Usuário,"Core 3",1.60,%
22395,Usuário,"Core 4",3905.40,MHz
22396,Usuário,"Core 4",40.00,°C
22397,Usuário,"Core 4",1.60,%
22398,Usuário,"Core 5",3905.40,MHz
22399,Usuário,"Core 5",40.00,°C
22400,Usuário,"Core 5",0.00,%
22401,Usuário,"Core 6",3905.40,MHz
22402,Usuário,"Core 6",45.00,°C
22403,Usuário,"Core 6",4.70,%
22611,Usuário,"Memoria uso %",29.50,%
22612,Usuário,"Memoria uso GB",4.70,GB
22613,Usuário,"Memoria livre GB",11.20,GB
22614,Usuário,"Disco uso %",57.50,%
22615,Usuário,"Disco temperatura",33.00,°C
22616,Usuário,"Core 1",3905.40,MHz
22617,Usuário,"Core 1",41.00,°C
22618,Usuário,"Core 1",5.70,%
22619,Usuário,"Core 2",3905.40,MHz
22620,Usuário,"Core 2",43.00,°C
22621,Usuário,"Core 2",9.40,%
22622,Usuário,"Core 3",3905.40,MHz
22623,Usuário,"Core 3",42.00,°C
22624,Usuário,"Core 3",9.40,%
22625,Usuário,"Core 4",3905.40,MHz
22626,Usuário,"Core 4",40.00,°C
22627,Usuário,"Core 4",7.80,%
22628,Usuário,"Core 5",3905.40,MHz
22629,Usuário,"Core 5",40.00,°C
22630,Usuário,"Core 5",1.60,%
22631,Usuário,"Core 6",3905.40,MHz
22632,Usuário,"Core 6",41.00,°C
22633,Usuário,"Core 6",1.60,%
22772,Usuário,"Memoria uso %",40.30,%
22773,Usuário,"Memoria uso GB",6.40,GB
22774,Usuário,"Memoria livre GB",9.50,GB
22775,Usuário,"Disco uso %",57.50,%
22776,Usuário,"Disco temperatura",33.00,°C
22777,Usuário,"Core 1",3905.40,MHz
22778,Usuário,"Core 1",55.00,°C
22779,Usuário,"Core 1",43.20,%
22780,Usuário,"Core 2",3905.40,MHz
22781,Usuário,"Core 2",54.00,°C
22782,Usuário,"Core 2",34.40,%
22783,Usuário,"Core 3",3905.40,MHz
22784,Usuário,"Core 3",53.00,°C
22785,Usuário,"Core 3",28.10,%
22786,Usuário,"Core 4",3905.40,MHz
22787,Usuário,"Core 4",47.00,°C
22788,Usuário,"Core 4",40.60,%
22789,Usuário,"Core 5",3905.40,MHz
22790,Usuário,"Core 5",47.00,°C
22791,Usuário,"Core 5",43.80,%
22792,Usuário,"Core 6",3905.40,MHz
22793,Usuário,"Core 6",54.00,°C
22794,Usuário,"Core 6",45.30,%
22841,Usuário,"Memoria uso %",35.60,%
22842,Usuário,"Memoria uso GB",5.70,GB
22843,Usuário,"Memoria livre GB",10.30,GB
22844,Usuário,"Disco uso %",57.60,%
22845,Usuário,"Disco temperatura",33.00,°C
22846,Usuário,"Core 1",3905.40,MHz
22847,Usuário,"Core 1",41.00,°C
22848,Usuário,"Core 1",2.90,%
22849,Usuário,"Core 2",3905.40,MHz
22850,Usuário,"Core 2",41.00,°C
22851,Usuário,"Core 2",3.10,%
22852,Usuário,"Core 3",3905.40,MHz
22853,Usuário,"Core 3",40.00,°C
22854,Usuário,"Core 3",3.10,%
22855,Usuário,"Core 4",3905.40,MHz
22856,Usuário,"Core 4",38.00,°C
22857,Usuário,"Core 4",0.00,%
22858,Usuário,"Core 5",3905.40,MHz
22859,Usuário,"Core 5",38.00,°C
22860,Usuário,"Core 5",1.60,%
22861,Usuário,"Core 6",3905.40,MHz
22862,Usuário,"Core 6",40.00,°C
22863,Usuário,"Core 6",4.70,%
22864,Usuário,"Memoria uso %",35.60,%
22865,Usuário,"Memoria uso GB",5.70,GB
22866,Usuário,"Memoria livre GB",10.30,GB
22867,Usuário,"Disco uso %",57.60,%
22868,Usuário,"Disco temperatura",33.00,°C
22869,Usuário,"Core 1",4005.50,MHz
22870,Usuário,"Core 1",41.00,°C
22871,Usuário,"Core 1",7.30,%
22872,Usuário,"Core 2",3905.40,MHz
22873,Usuário,"Core 2",41.00,°C
22874,Usuário,"Core 2",10.90,%
22875,Usuário,"Core 3",4005.50,MHz
22876,Usuário,"Core 3",41.00,°C
22877,Usuário,"Core 3",12.50,%
22878,Usuário,"Core 4",3905.40,MHz
22879,Usuário,"Core 4",39.00,°C
22880,Usuário,"Core 4",9.40,%
22881,Usuário,"Core 5",3905.40,MHz
22882,Usuário,"Core 5",38.00,°C
22883,Usuário,"Core 5",1.60,%
22884,Usuário,"Core 6",3905.40,MHz
22885,Usuário,"Core 6",40.00,°C
22886,Usuário,"Core 6",3.10,%
22887,Usuário,"Memoria uso %",35.50,%
22888,Usuário,"Memoria uso GB",5.70,GB
22889,Usuário,"Memoria livre GB",10.30,GB
22890,Usuário,"Disco uso %",57.60,%
22891,Usuário,"Disco temperatura",33.00,°C
22892,Usuário,"Core 1",3905.40,MHz
22893,Usuário,"Core 1",40.00,°C
22894,Usuário,"Core 1",2.60,%
22895,Usuário,"Core 2",3905.40,MHz
22896,Usuário,"Core 2",42.00,°C
22897,Usuário,"Core 2",1.60,%
22898,Usuário,"Core 3",3905.40,MHz
22899,Usuário,"Core 3",40.00,°C
22900,Usuário,"Core 3",1.60,%
22901,Usuário,"Core 4",3905.40,MHz
22902,Usuário,"Core 4",38.00,°C
22903,Usuário,"Core 4",3.10,%
22904,Usuário,"Core 5",3905.40,MHz
22905,Usuário,"Core 5",38.00,°C
22906,Usuário,"Core 5",1.60,%
22907,Usuário,"Core 6",3905.40,MHz
22908,Usuário,"Core 6",39.00,°C
22909,Usuário,"Core 6",1.50,%
22910,Usuário,"Memoria uso %",35.50,%
22911,Usuário,"Memoria uso GB",5.70,GB
22912,Usuário,"Memoria livre GB",10.30,GB
22913,Usuário,"Disco uso %",57.60,%
22914,Usuário,"Disco temperatura",33.00,°C
22915,Usuário,"Core 1",4005.50,MHz
22916,Usuário,"Core 1",40.00,°C
22917,Usuário,"Core 1",6.30,%
22918,Usuário,"Core 2",4005.50,MHz
22919,Usuário,"Core 2",41.00,°C
22920,Usuário,"Core 2",9.40,%
22921,Usuário,"Core 3",3905.40,MHz
22922,Usuário,"Core 3",40.00,°C
22923,Usuário,"Core 3",10.90,%
22924,Usuário,"Core 4",3905.40,MHz
22925,Usuário,"Core 4",37.00,°C
22926,Usuário,"Core 4",3.10,%
22927,Usuário,"Core 5",3905.40,MHz
22928,Usuário,"Core 5",38.00,°C
22929,Usuário,"Core 5",6.30,%
22930,Usuário,"Core 6",3905.40,MHz
22931,Usuário,"Core 6",39.00,°C
22932,Usuário,"Core 6",3.10,%
22979,Usuário,"Memoria uso %",35.50,%
22980,Usuário,"Memoria uso GB",5.70,GB
22981,Usuário,"Memoria livre GB",10.30,GB
22982,Usuário,"Disco uso %",57.60,%
22983,Usuário,"Disco temperatura",33.00,°C
22984,Usuário,"Core 1",3905.40,MHz
22985,Usuário,"Core 1",40.00,°C
22986,Usuário,"Core 1",6.00,%
22987,Usuário,"Core 2",3905.40,MHz
22988,Usuário,"Core 2",41.00,°C
22989,Usuário,"Core 2",6.30,%
22990,Usuário,"Core 3",3905.40,MHz
22991,Usuário,"Core 3",40.00,°C
22992,Usuário,"Core 3",10.90,%
22993,Usuário,"Core 4",4005.50,MHz
22994,Usuário,"Core 4",37.00,°C
22995,Usuário,"Core 4",3.10,%
22996,Usuário,"Core 5",3905.40,MHz
22997,Usuário,"Core 5",37.00,°C
22998,Usuário,"Core 5",4.70,%
22999,Usuário,"Core 6",4005.50,MHz
23000,Usuário,"Core 6",39.00,°C
23001,Usuário,"Core 6",3.10,%
23025,Usuário,"Memoria uso %",35.60,%
23026,Usuário,"Memoria uso GB",5.70,GB
23027,Usuário,"Memoria livre GB",10.30,GB
23028,Usuário,"Disco uso %",57.60,%
23029,Usuário,"Disco temperatura",33.00,°C
23030,Usuário,"Core 1",3905.40,MHz
23031,Usuário,"Core 1",40.00,°C
23032,Usuário,"Core 1",2.30,%
23033,Usuário,"Core 2",3905.40,MHz
23034,Usuário,"Core 2",41.00,°C
23035,Usuário,"Core 2",4.70,%
23036,Usuário,"Core 3",3905.40,MHz
23037,Usuário,"Core 3",40.00,°C
23038,Usuário,"Core 3",3.10,%
23039,Usuário,"Core 4",3905.40,MHz
23040,Usuário,"Core 4",37.00,°C
23041,Usuário,"Core 4",3.10,%
23042,Usuário,"Core 5",3905.40,MHz
23043,Usuário,"Core 5",38.00,°C
23044,Usuário,"Core 5",0.00,%
23045,Usuário,"Core 6",3905.40,MHz
23046,Usuário,"Core 6",39.00,°C
23047,Usuário,"Core 6",0.00,%
23117,Usuário,"Memoria uso %",35.00,%
23118,Usuário,"Memoria uso GB",5.60,GB
23119,Usuário,"Memoria livre GB",10.40,GB
23120,Usuário,"Disco uso %",57.50,%
23121,Usuário,"Disco temperatura",33.00,°C
23122,Usuário,"Core 1",3905.40,MHz
23123,Usuário,"Core 1",39.00,°C
23124,Usuário,"Core 1",6.50,%
23125,Usuário,"Core 2",3905.40,MHz
23126,Usuário,"Core 2",41.00,°C
23127,Usuário,"Core 2",3.10,%
23128,Usuário,"Core 3",3905.40,MHz
23129,Usuário,"Core 3",40.00,°C
23130,Usuário,"Core 3",12.50,%
23131,Usuário,"Core 4",3905.40,MHz
23132,Usuário,"Core 4",37.00,°C
23133,Usuário,"Core 4",10.90,%
23134,Usuário,"Core 5",3905.40,MHz
23135,Usuário,"Core 5",37.00,°C
23136,Usuário,"Core 5",3.10,%
23137,Usuário,"Core 6",3905.40,MHz
23138,Usuário,"Core 6",39.00,°C
23139,Usuário,"Core 6",0.00,%
23232,Usuário,"Memoria uso %",36.10,%
23233,Usuário,"Memoria uso GB",5.70,GB
23234,Usuário,"Memoria livre GB",10.20,GB
23235,Usuário,"Disco uso %",57.50,%
23236,Usuário,"Disco temperatura",33.00,°C
23237,Usuário,"Core 1",3905.40,MHz
23238,Usuário,"Core 1",44.00,°C
23239,Usuário,"Core 1",17.40,%
23240,Usuário,"Core 2",3905.40,MHz
23241,Usuário,"Core 2",44.00,°C
23242,Usuário,"Core 2",10.90,%
23243,Usuário,"Core 3",3905.40,MHz
23244,Usuário,"Core 3",43.00,°C
23245,Usuário,"Core 3",15.60,%
23246,Usuário,"Core 4",3905.40,MHz
23247,Usuário,"Core 4",43.00,°C
23248,Usuário,"Core 4",10.90,%
23249,Usuário,"Core 5",3905.40,MHz
23250,Usuário,"Core 5",41.00,°C
23251,Usuário,"Core 5",18.80,%
23252,Usuário,"Core 6",3905.40,MHz
23253,Usuário,"Core 6",44.00,°C
23254,Usuário,"Core 6",20.30,%
