idLeitura,tipoMaquina,descricao,valor,metrica,dataleitura,minimo,maximo
977,Servidor,"Memoria uso %",52.60,%,2020-10-20,19,26
978,Servidor,"Memoria uso GB",8.40,GB,2020-10-20,19,26
979,Servidor,"Memoria livre GB",7.60,GB,2020-10-20,19,26
980,Servidor,"Disco uso %",57.20,%,2020-10-20,19,26
981,Servidor,"Disco temperatura",33.00,°C,2020-10-20,19,26
982,Servidor,"Core 1",3905.40,MHz,2020-10-20,19,26
983,Servidor,"Core 1",50.00,°C,2020-10-20,19,26
984,Servidor,"Core 1",8.60,%,2020-10-20,19,26
985,Servidor,"Core 2",3905.40,MHz,2020-10-20,19,26
986,Servidor,"Core 2",47.00,°C,2020-10-20,19,26
987,Servidor,"Core 2",17.20,%,2020-10-20,19,26
988,Servidor,"Core 3",3905.40,MHz,2020-10-20,19,26
989,Servidor,"Core 3",45.00,°C,2020-10-20,19,26
990,Servidor,"Core 3",9.40,%,2020-10-20,19,26
991,Servidor,"Core 4",3905.40,MHz,2020-10-20,19,26
992,Servidor,"Core 4",46.00,°C,2020-10-20,19,26
993,Servidor,"Core 4",0.00,%,2020-10-20,19,26
994,Servidor,"Core 5",3905.40,MHz,2020-10-20,19,26
995,Servidor,"Core 5",44.00,°C,2020-10-20,19,26
996,Servidor,"Core 5",6.30,%,2020-10-20,19,26
997,Servidor,"Core 6",3905.40,MHz,2020-10-20,19,26
998,Servidor,"Core 6",47.00,°C,2020-10-20,19,26
999,Servidor,"Core 6",7.80,%,2020-10-20,19,26
1161,Servidor,"Memoria uso %",52.50,%,2020-10-20,19,26
1162,Servidor,"Memoria uso GB",8.40,GB,2020-10-20,19,26
1163,Servidor,"Memoria livre GB",7.60,GB,2020-10-20,19,26
1164,Servidor,"Disco uso %",57.20,%,2020-10-20,19,26
1165,Servidor,"Disco temperatura",33.00,°C,2020-10-20,19,26
1166,Servidor,"Core 1",3905.40,MHz,2020-10-20,19,26
1167,Servidor,"Core 1",50.00,°C,2020-10-20,19,26
1168,Servidor,"Core 1",18.50,%,2020-10-20,19,26
1169,Servidor,"Core 2",3905.40,MHz,2020-10-20,19,26
1170,Servidor,"Core 2",50.00,°C,2020-10-20,19,26
1171,Servidor,"Core 2",31.30,%,2020-10-20,19,26
1172,Servidor,"Core 3",3905.40,MHz,2020-10-20,19,26
1173,Servidor,"Core 3",49.00,°C,2020-10-20,19,26
1174,Servidor,"Core 3",17.20,%,2020-10-20,19,26
1175,Servidor,"Core 4",3905.40,MHz,2020-10-20,19,26
1176,Servidor,"Core 4",48.00,°C,2020-10-20,19,26
1177,Servidor,"Core 4",14.10,%,2020-10-20,19,26
1178,Servidor,"Core 5",3905.40,MHz,2020-10-20,19,26
1179,Servidor,"Core 5",46.00,°C,2020-10-20,19,26
1180,Servidor,"Core 5",18.80,%,2020-10-20,19,26
1181,Servidor,"Core 6",3905.40,MHz,2020-10-20,19,26
1182,Servidor,"Core 6",47.00,°C,2020-10-20,19,26
1183,Servidor,"Core 6",10.90,%,2020-10-20,19,26
1529,Servidor,"Memoria uso %",51.50,%,2020-10-20,19,26
1530,Servidor,"Memoria uso GB",8.20,GB,2020-10-20,19,26
1531,Servidor,"Memoria livre GB",7.70,GB,2020-10-20,19,26
1532,Servidor,"Disco uso %",57.20,%,2020-10-20,19,26
1533,Servidor,"Disco temperatura",33.00,°C,2020-10-20,19,26
1534,Servidor,"Core 1",3905.40,MHz,2020-10-20,19,26
1535,Servidor,"Core 1",51.00,°C,2020-10-20,19,26
1536,Servidor,"Core 1",12.80,%,2020-10-20,19,26
1537,Servidor,"Core 2",3905.40,MHz,2020-10-20,19,26
1538,Servidor,"Core 2",48.00,°C,2020-10-20,19,26
1539,Servidor,"Core 2",21.90,%,2020-10-20,19,26
1540,Servidor,"Core 3",3905.40,MHz,2020-10-20,19,26
1541,Servidor,"Core 3",48.00,°C,2020-10-20,19,26
1542,Servidor,"Core 3",9.40,%,2020-10-20,19,26
1543,Servidor,"Core 4",3905.40,MHz,2020-10-20,19,26
1544,Servidor,"Core 4",46.00,°C,2020-10-20,19,26
1545,Servidor,"Core 4",12.50,%,2020-10-20,19,26
1546,Servidor,"Core 5",3905.40,MHz,2020-10-20,19,26
1547,Servidor,"Core 5",45.00,°C,2020-10-20,19,26
1548,Servidor,"Core 5",9.40,%,2020-10-20,19,26
1549,Servidor,"Core 6",3905.40,MHz,2020-10-20,19,26
1550,Servidor,"Core 6",47.00,°C,2020-10-20,19,26
1551,Servidor,"Core 6",6.30,%,2020-10-20,19,26
1621,Servidor,"Memoria uso %",51.60,%,2020-10-20,19,26
1622,Servidor,"Memoria uso GB",8.20,GB,2020-10-20,19,26
1623,Servidor,"Memoria livre GB",7.70,GB,2020-10-20,19,26
1624,Servidor,"Disco uso %",57.20,%,2020-10-20,19,26
1625,Servidor,"Disco temperatura",33.00,°C,2020-10-20,19,26
1626,Servidor,"Core 1",3905.40,MHz,2020-10-20,19,26
1627,Servidor,"Core 1",47.00,°C,2020-10-20,19,26
1628,Servidor,"Core 1",17.40,%,2020-10-20,19,26
1629,Servidor,"Core 2",3905.40,MHz,2020-10-20,19,26
1630,Servidor,"Core 2",48.00,°C,2020-10-20,19,26
1631,Servidor,"Core 2",23.40,%,2020-10-20,19,26
1632,Servidor,"Core 3",3905.40,MHz,2020-10-20,19,26
1633,Servidor,"Core 3",49.00,°C,2020-10-20,19,26
1634,Servidor,"Core 3",14.10,%,2020-10-20,19,26
1635,Servidor,"Core 4",3905.40,MHz,2020-10-20,19,26
1636,Servidor,"Core 4",45.00,°C,2020-10-20,19,26
1637,Servidor,"Core 4",14.10,%,2020-10-20,19,26
1638,Servidor,"Core 5",3905.40,MHz,2020-10-20,19,26
1639,Servidor,"Core 5",45.00,°C,2020-10-20,19,26
1640,Servidor,"Core 5",17.20,%,2020-10-20,19,26
1641,Servidor,"Core 6",3905.40,MHz,2020-10-20,19,26
1642,Servidor,"Core 6",47.00,°C,2020-10-20,19,26
1643,Servidor,"Core 6",14.10,%,2020-10-20,19,26
1667,Servidor,"Memoria uso %",51.60,%,2020-10-20,19,26
1668,Servidor,"Memoria uso GB",8.20,GB,2020-10-20,19,26
1669,Servidor,"Memoria livre GB",7.70,GB,2020-10-20,19,26
1670,Servidor,"Disco uso %",57.20,%,2020-10-20,19,26
1671,Servidor,"Disco temperatura",33.00,°C,2020-10-20,19,26
1672,Servidor,"Core 1",3905.40,MHz,2020-10-20,19,26
1673,Servidor,"Core 1",47.00,°C,2020-10-20,19,26
1674,Servidor,"Core 1",14.30,%,2020-10-20,19,26
1675,Servidor,"Core 2",3905.40,MHz,2020-10-20,19,26
1676,Servidor,"Core 2",47.00,°C,2020-10-20,19,26
1677,Servidor,"Core 2",28.10,%,2020-10-20,19,26
1678,Servidor,"Core 3",3905.40,MHz,2020-10-20,19,26
1679,Servidor,"Core 3",45.00,°C,2020-10-20,19,26
1680,Servidor,"Core 3",10.90,%,2020-10-20,19,26
1681,Servidor,"Core 4",3905.40,MHz,2020-10-20,19,26
1682,Servidor,"Core 4",45.00,°C,2020-10-20,19,26
1683,Servidor,"Core 4",4.70,%,2020-10-20,19,26
1684,Servidor,"Core 5",3905.40,MHz,2020-10-20,19,26
1685,Servidor,"Core 5",44.00,°C,2020-10-20,19,26
1686,Servidor,"Core 5",14.10,%,2020-10-20,19,26
1687,Servidor,"Core 6",3905.40,MHz,2020-10-20,19,26
1688,Servidor,"Core 6",48.00,°C,2020-10-20,19,26
1689,Servidor,"Core 6",6.30,%,2020-10-20,19,26
1759,Servidor,"Memoria uso %",51.70,%,2020-10-20,19,26
1760,Servidor,"Memoria uso GB",8.20,GB,2020-10-20,19,26
1761,Servidor,"Memoria livre GB",7.70,GB,2020-10-20,19,26
1762,Servidor,"Disco uso %",57.20,%,2020-10-20,19,26
1763,Servidor,"Disco temperatura",33.00,°C,2020-10-20,19,26
1764,Servidor,"Core 1",3905.40,MHz,2020-10-20,19,26
1765,Servidor,"Core 1",50.00,°C,2020-10-20,19,26
1766,Servidor,"Core 1",19.30,%,2020-10-20,19,26
1767,Servidor,"Core 2",3905.40,MHz,2020-10-20,19,26
1768,Servidor,"Core 2",50.00,°C,2020-10-20,19,26
1769,Servidor,"Core 2",20.30,%,2020-10-20,19,26
1770,Servidor,"Core 3",3905.40,MHz,2020-10-20,19,26
1771,Servidor,"Core 3",50.00,°C,2020-10-20,19,26
1772,Servidor,"Core 3",26.60,%,2020-10-20,19,26
1773,Servidor,"Core 4",3905.40,MHz,2020-10-20,19,26
1774,Servidor,"Core 4",48.00,°C,2020-10-20,19,26
1775,Servidor,"Core 4",7.80,%,2020-10-20,19,26
1776,Servidor,"Core 5",3905.40,MHz,2020-10-20,19,26
1777,Servidor,"Core 5",47.00,°C,2020-10-20,19,26
1778,Servidor,"Core 5",23.40,%,2020-10-20,19,26
1779,Servidor,"Core 6",3905.40,MHz,2020-10-20,19,26
1780,Servidor,"Core 6",48.00,°C,2020-10-20,19,26
1781,Servidor,"Core 6",10.90,%,2020-10-20,19,26
21470,Servidor,"Memoria uso %",55.40,%,2020-10-20,19,26
21471,Servidor,"Memoria uso GB",8.80,GB,2020-10-20,19,26
21472,Servidor,"Memoria livre GB",7.10,GB,2020-10-20,19,26
21473,Servidor,"Disco uso %",57.20,%,2020-10-20,19,26
21474,Servidor,"Disco temperatura",33.00,°C,2020-10-20,19,26
21475,Servidor,"Core 1",3905.40,MHz,2020-10-20,19,26
21476,Servidor,"Core 1",46.00,°C,2020-10-20,19,26
21477,Servidor,"Core 1",13.00,%,2020-10-20,19,26
21478,Servidor,"Core 2",3905.40,MHz,2020-10-20,19,26
21479,Servidor,"Core 2",47.00,°C,2020-10-20,19,26
21480,Servidor,"Core 2",23.40,%,2020-10-20,19,26
21481,Servidor,"Core 3",3905.40,MHz,2020-10-20,19,26
21482,Servidor,"Core 3",45.00,°C,2020-10-20,19,26
21483,Servidor,"Core 3",20.30,%,2020-10-20,19,26
21484,Servidor,"Core 4",3905.40,MHz,2020-10-20,19,26
21485,Servidor,"Core 4",44.00,°C,2020-10-20,19,26
21486,Servidor,"Core 4",9.40,%,2020-10-20,19,26
21487,Servidor,"Core 5",3905.40,MHz,2020-10-20,19,26
21488,Servidor,"Core 5",43.00,°C,2020-10-20,19,26
21489,Servidor,"Core 5",4.70,%,2020-10-20,19,26
21490,Servidor,"Core 6",3905.40,MHz,2020-10-20,19,26
21491,Servidor,"Core 6",45.00,°C,2020-10-20,19,26
21492,Servidor,"Core 6",12.50,%,2020-10-20,19,26
21493,Servidor,"Memoria uso %",55.40,%,2020-10-20,19,26
21494,Servidor,"Memoria uso GB",8.80,GB,2020-10-20,19,26
21495,Servidor,"Memoria livre GB",7.10,GB,2020-10-20,19,26
21496,Servidor,"Disco uso %",57.20,%,2020-10-20,19,26
21497,Servidor,"Disco temperatura",33.00,°C,2020-10-20,19,26
21498,Servidor,"Core 1",3905.40,MHz,2020-10-20,19,26
21499,Servidor,"Core 1",46.00,°C,2020-10-20,19,26
21500,Servidor,"Core 1",13.00,%,2020-10-20,19,26
21501,Servidor,"Core 2",3905.40,MHz,2020-10-20,19,26
21502,Servidor,"Core 2",46.00,°C,2020-10-20,19,26
21503,Servidor,"Core 2",12.50,%,2020-10-20,19,26
21504,Servidor,"Core 3",3905.40,MHz,2020-10-20,19,26
21505,Servidor,"Core 3",45.00,°C,2020-10-20,19,26
21506,Servidor,"Core 3",14.10,%,2020-10-20,19,26
21507,Servidor,"Core 4",3905.40,MHz,2020-10-20,19,26
21508,Servidor,"Core 4",44.00,°C,2020-10-20,19,26
21509,Servidor,"Core 4",6.30,%,2020-10-20,19,26
21510,Servidor,"Core 5",3905.40,MHz,2020-10-20,19,26
21511,Servidor,"Core 5",45.00,°C,2020-10-20,19,26
21512,Servidor,"Core 5",9.40,%,2020-10-20,19,26
21513,Servidor,"Core 6",3905.40,MHz,2020-10-20,19,26
21514,Servidor,"Core 6",45.00,°C,2020-10-20,19,26
21515,Servidor,"Core 6",18.80,%,2020-10-20,19,26
21539,Servidor,"Memoria uso %",55.50,%,2020-10-20,19,26
21540,Servidor,"Memoria uso GB",8.80,GB,2020-10-20,19,26
21541,Servidor,"Memoria livre GB",7.10,GB,2020-10-20,19,26
21542,Servidor,"Disco uso %",57.20,%,2020-10-20,19,26
21543,Servidor,"Disco temperatura",33.00,°C,2020-10-20,19,26
21544,Servidor,"Core 1",3905.40,MHz,2020-10-20,19,26
21545,Servidor,"Core 1",47.00,°C,2020-10-20,19,26
21546,Servidor,"Core 1",17.70,%,2020-10-20,19,26
21547,Servidor,"Core 2",3905.40,MHz,2020-10-20,19,26
21548,Servidor,"Core 2",47.00,°C,2020-10-20,19,26
21549,Servidor,"Core 2",31.30,%,2020-10-20,19,26
21550,Servidor,"Core 3",3905.40,MHz,2020-10-20,19,26
21551,Servidor,"Core 3",45.00,°C,2020-10-20,19,26
21552,Servidor,"Core 3",20.30,%,2020-10-20,19,26
21553,Servidor,"Core 4",3905.40,MHz,2020-10-20,19,26
21554,Servidor,"Core 4",45.00,°C,2020-10-20,19,26
21555,Servidor,"Core 4",9.40,%,2020-10-20,19,26
21556,Servidor,"Core 5",3905.40,MHz,2020-10-20,19,26
21557,Servidor,"Core 5",46.00,°C,2020-10-20,19,26
21558,Servidor,"Core 5",9.40,%,2020-10-20,19,26
21559,Servidor,"Core 6",3905.40,MHz,2020-10-20,19,26
21560,Servidor,"Core 6",46.00,°C,2020-10-20,19,26
21561,Servidor,"Core 6",15.60,%,2020-10-20,19,26
21562,Servidor,"Memoria uso %",58.40,%,2020-10-20,19,26
21563,Servidor,"Memoria uso GB",9.30,GB,2020-10-20,19,26
21564,Servidor,"Memoria livre GB",6.60,GB,2020-10-20,19,26
21565,Servidor,"Disco uso %",57.20,%,2020-10-20,19,26
21566,Servidor,"Disco temperatura",33.00,°C,2020-10-20,19,26
21567,Servidor,"Core 1",3905.40,MHz,2020-10-20,19,26
21568,Servidor,"Core 1",51.00,°C,2020-10-20,19,26
21569,Servidor,"Core 1",56.30,%,2020-10-20,19,26
21570,Servidor,"Core 2",3905.40,MHz,2020-10-20,19,26
21571,Servidor,"Core 2",59.00,°C,2020-10-20,19,26
21572,Servidor,"Core 2",53.10,%,2020-10-20,19,26
21573,Servidor,"Core 3",3905.40,MHz,2020-10-20,19,26
21574,Servidor,"Core 3",55.00,°C,2020-10-20,19,26
21575,Servidor,"Core 3",67.20,%,2020-10-20,19,26
21576,Servidor,"Core 4",3905.40,MHz,2020-10-20,19,26
21577,Servidor,"Core 4",51.00,°C,2020-10-20,19,26
21578,Servidor,"Core 4",70.30,%,2020-10-20,19,26
21579,Servidor,"Core 5",3905.40,MHz,2020-10-20,19,26
21580,Servidor,"Core 5",49.00,°C,2020-10-20,19,26
21581,Servidor,"Core 5",43.80,%,2020-10-20,19,26
21582,Servidor,"Core 6",3905.40,MHz,2020-10-20,19,26
21583,Servidor,"Core 6",50.00,°C,2020-10-20,19,26
21584,Servidor,"Core 6",56.30,%,2020-10-20,19,26
21631,Servidor,"Memoria uso %",58.50,%,2020-10-20,19,26
21632,Servidor,"Memoria uso GB",9.30,GB,2020-10-20,19,26
21633,Servidor,"Memoria livre GB",6.60,GB,2020-10-20,19,26
21634,Servidor,"Disco uso %",57.20,%,2020-10-20,19,26
21635,Servidor,"Disco temperatura",33.00,°C,2020-10-20,19,26
21636,Servidor,"Core 1",3905.40,MHz,2020-10-20,19,26
21637,Servidor,"Core 1",47.00,°C,2020-10-20,19,26
21638,Servidor,"Core 1",22.10,%,2020-10-20,19,26
21639,Servidor,"Core 2",3905.40,MHz,2020-10-20,19,26
21640,Servidor,"Core 2",48.00,°C,2020-10-20,19,26
21641,Servidor,"Core 2",28.10,%,2020-10-20,19,26
21642,Servidor,"Core 3",3905.40,MHz,2020-10-20,19,26
21643,Servidor,"Core 3",47.00,°C,2020-10-20,19,26
21644,Servidor,"Core 3",26.60,%,2020-10-20,19,26
21645,Servidor,"Core 4",3905.40,MHz,2020-10-20,19,26
21646,Servidor,"Core 4",45.00,°C,2020-10-20,19,26
21647,Servidor,"Core 4",20.30,%,2020-10-20,19,26
21648,Servidor,"Core 5",3905.40,MHz,2020-10-20,19,26
21649,Servidor,"Core 5",46.00,°C,2020-10-20,19,26
21650,Servidor,"Core 5",18.80,%,2020-10-20,19,26
21651,Servidor,"Core 6",3905.40,MHz,2020-10-20,19,26
21652,Servidor,"Core 6",48.00,°C,2020-10-20,19,26
21653,Servidor,"Core 6",20.30,%,2020-10-20,19,26
21654,Servidor,"Memoria uso %",41.30,%,2020-10-21,18,27
21655,Servidor,"Memoria uso GB",6.60,GB,2020-10-21,18,27
21656,Servidor,"Memoria livre GB",9.40,GB,2020-10-21,18,27
21657,Servidor,"Disco uso %",56.90,%,2020-10-21,18,27
21658,Servidor,"Disco temperatura",33.00,°C,2020-10-21,18,27
21659,Servidor,"Core 1",3905.40,MHz,2020-10-21,18,27
21660,Servidor,"Core 1",39.00,°C,2020-10-21,18,27
21661,Servidor,"Core 1",2.30,%,2020-10-21,18,27
21662,Servidor,"Core 2",4005.50,MHz,2020-10-21,18,27
21663,Servidor,"Core 2",40.00,°C,2020-10-21,18,27
21664,Servidor,"Core 2",4.70,%,2020-10-21,18,27
21665,Servidor,"Core 3",3905.40,MHz,2020-10-21,18,27
21666,Servidor,"Core 3",40.00,°C,2020-10-21,18,27
21667,Servidor,"Core 3",1.60,%,2020-10-21,18,27
21668,Servidor,"Core 4",3905.40,MHz,2020-10-21,18,27
21669,Servidor,"Core 4",37.00,°C,2020-10-21,18,27
21670,Servidor,"Core 4",1.60,%,2020-10-21,18,27
21671,Servidor,"Core 5",3905.40,MHz,2020-10-21,18,27
21672,Servidor,"Core 5",38.00,°C,2020-10-21,18,27
21673,Servidor,"Core 5",1.60,%,2020-10-21,18,27
21674,Servidor,"Core 6",3905.40,MHz,2020-10-21,18,27
21675,Servidor,"Core 6",40.00,°C,2020-10-21,18,27
21676,Servidor,"Core 6",0.00,%,2020-10-21,18,27
21700,Servidor,"Memoria uso %",41.40,%,2020-10-21,18,27
21701,Servidor,"Memoria uso GB",6.60,GB,2020-10-21,18,27
21702,Servidor,"Memoria livre GB",9.30,GB,2020-10-21,18,27
21703,Servidor,"Disco uso %",56.90,%,2020-10-21,18,27
21704,Servidor,"Disco temperatura",33.00,°C,2020-10-21,18,27
21705,Servidor,"Core 1",4005.50,MHz,2020-10-21,18,27
21706,Servidor,"Core 1",39.00,°C,2020-10-21,18,27
21707,Servidor,"Core 1",1.60,%,2020-10-21,18,27
21708,Servidor,"Core 2",3905.40,MHz,2020-10-21,18,27
21709,Servidor,"Core 2",40.00,°C,2020-10-21,18,27
21710,Servidor,"Core 2",0.00,%,2020-10-21,18,27
21711,Servidor,"Core 3",3905.40,MHz,2020-10-21,18,27
21712,Servidor,"Core 3",39.00,°C,2020-10-21,18,27
21713,Servidor,"Core 3",1.60,%,2020-10-21,18,27
21714,Servidor,"Core 4",3905.40,MHz,2020-10-21,18,27
21715,Servidor,"Core 4",37.00,°C,2020-10-21,18,27
21716,Servidor,"Core 4",3.10,%,2020-10-21,18,27
21717,Servidor,"Core 5",3905.40,MHz,2020-10-21,18,27
21718,Servidor,"Core 5",37.00,°C,2020-10-21,18,27
21719,Servidor,"Core 5",0.00,%,2020-10-21,18,27
21720,Servidor,"Core 6",3905.40,MHz,2020-10-21,18,27
21721,Servidor,"Core 6",40.00,°C,2020-10-21,18,27
21722,Servidor,"Core 6",1.60,%,2020-10-21,18,27
21723,Servidor,"Memoria uso %",41.40,%,2020-10-21,18,27
21724,Servidor,"Memoria uso GB",6.60,GB,2020-10-21,18,27
21725,Servidor,"Memoria livre GB",9.30,GB,2020-10-21,18,27
21726,Servidor,"Disco uso %",56.90,%,2020-10-21,18,27
21727,Servidor,"Disco temperatura",33.00,°C,2020-10-21,18,27
21728,Servidor,"Core 1",4005.50,MHz,2020-10-21,18,27
21729,Servidor,"Core 1",40.00,°C,2020-10-21,18,27
21730,Servidor,"Core 1",0.80,%,2020-10-21,18,27
21731,Servidor,"Core 2",4005.50,MHz,2020-10-21,18,27
21732,Servidor,"Core 2",40.00,°C,2020-10-21,18,27
21733,Servidor,"Core 2",3.10,%,2020-10-21,18,27
21734,Servidor,"Core 3",3905.40,MHz,2020-10-21,18,27
21735,Servidor,"Core 3",39.00,°C,2020-10-21,18,27
21736,Servidor,"Core 3",0.00,%,2020-10-21,18,27
21737,Servidor,"Core 4",3905.40,MHz,2020-10-21,18,27
21738,Servidor,"Core 4",37.00,°C,2020-10-21,18,27
21739,Servidor,"Core 4",0.00,%,2020-10-21,18,27
21740,Servidor,"Core 5",3905.40,MHz,2020-10-21,18,27
21741,Servidor,"Core 5",37.00,°C,2020-10-21,18,27
21742,Servidor,"Core 5",0.00,%,2020-10-21,18,27
21743,Servidor,"Core 6",3905.40,MHz,2020-10-21,18,27
21744,Servidor,"Core 6",39.00,°C,2020-10-21,18,27
21745,Servidor,"Core 6",1.60,%,2020-10-21,18,27
21930,Servidor,"Memoria uso %",41.40,%,2020-10-21,18,27
21931,Servidor,"Memoria uso GB",6.60,GB,2020-10-21,18,27
21932,Servidor,"Memoria livre GB",9.30,GB,2020-10-21,18,27
21933,Servidor,"Disco uso %",56.90,%,2020-10-21,18,27
21934,Servidor,"Disco temperatura",33.00,°C,2020-10-21,18,27
21935,Servidor,"Core 1",3905.40,MHz,2020-10-21,18,27
21936,Servidor,"Core 1",38.00,°C,2020-10-21,18,27
21937,Servidor,"Core 1",1.60,%,2020-10-21,18,27
21938,Servidor,"Core 2",4005.50,MHz,2020-10-21,18,27
21939,Servidor,"Core 2",40.00,°C,2020-10-21,18,27
21940,Servidor,"Core 2",1.60,%,2020-10-21,18,27
21941,Servidor,"Core 3",3905.40,MHz,2020-10-21,18,27
21942,Servidor,"Core 3",39.00,°C,2020-10-21,18,27
21943,Servidor,"Core 3",1.60,%,2020-10-21,18,27
21944,Servidor,"Core 4",3905.40,MHz,2020-10-21,18,27
21945,Servidor,"Core 4",37.00,°C,2020-10-21,18,27
21946,Servidor,"Core 4",0.00,%,2020-10-21,18,27
21947,Servidor,"Core 5",4005.50,MHz,2020-10-21,18,27
21948,Servidor,"Core 5",37.00,°C,2020-10-21,18,27
21949,Servidor,"Core 5",1.60,%,2020-10-21,18,27
21950,Servidor,"Core 6",3905.40,MHz,2020-10-21,18,27
21951,Servidor,"Core 6",38.00,°C,2020-10-21,18,27
21952,Servidor,"Core 6",3.10,%,2020-10-21,18,27
21953,Servidor,"Memoria uso %",41.40,%,2020-10-21,18,27
21954,Servidor,"Memoria uso GB",6.60,GB,2020-10-21,18,27
21955,Servidor,"Memoria livre GB",9.30,GB,2020-10-21,18,27
21956,Servidor,"Disco uso %",56.90,%,2020-10-21,18,27
21957,Servidor,"Disco temperatura",33.00,°C,2020-10-21,18,27
21958,Servidor,"Core 1",3905.40,MHz,2020-10-21,18,27
21959,Servidor,"Core 1",40.00,°C,2020-10-21,18,27
21960,Servidor,"Core 1",12.20,%,2020-10-21,18,27
21961,Servidor,"Core 2",3905.40,MHz,2020-10-21,18,27
21962,Servidor,"Core 2",41.00,°C,2020-10-21,18,27
21963,Servidor,"Core 2",17.20,%,2020-10-21,18,27
21964,Servidor,"Core 3",3905.40,MHz,2020-10-21,18,27
21965,Servidor,"Core 3",40.00,°C,2020-10-21,18,27
21966,Servidor,"Core 3",15.60,%,2020-10-21,18,27
21967,Servidor,"Core 4",3905.40,MHz,2020-10-21,18,27
21968,Servidor,"Core 4",38.00,°C,2020-10-21,18,27
21969,Servidor,"Core 4",6.30,%,2020-10-21,18,27
21970,Servidor,"Core 5",3905.40,MHz,2020-10-21,18,27
21971,Servidor,"Core 5",39.00,°C,2020-10-21,18,27
21972,Servidor,"Core 5",9.40,%,2020-10-21,18,27
21973,Servidor,"Core 6",3905.40,MHz,2020-10-21,18,27
21974,Servidor,"Core 6",41.00,°C,2020-10-21,18,27
21975,Servidor,"Core 6",9.40,%,2020-10-21,18,27
22141,Servidor,"Memoria uso %",47.80,%,2020-10-21,18,27
22142,Servidor,"Memoria uso GB",7.60,GB,2020-10-21,18,27
22143,Servidor,"Memoria livre GB",8.30,GB,2020-10-21,18,27
22144,Servidor,"Disco uso %",57.10,%,2020-10-21,18,27
22145,Servidor,"Disco temperatura",33.00,°C,2020-10-21,18,27
22146,Servidor,"Core 1",3905.40,MHz,2020-10-21,18,27
22147,Servidor,"Core 1",44.00,°C,2020-10-21,18,27
22148,Servidor,"Core 1",7.80,%,2020-10-21,18,27
22149,Servidor,"Core 2",3905.40,MHz,2020-10-21,18,27
22150,Servidor,"Core 2",45.00,°C,2020-10-21,18,27
22151,Servidor,"Core 2",12.50,%,2020-10-21,18,27
22152,Servidor,"Core 3",3905.40,MHz,2020-10-21,18,27
22153,Servidor,"Core 3",44.00,°C,2020-10-21,18,27
22154,Servidor,"Core 3",6.30,%,2020-10-21,18,27
22155,Servidor,"Core 4",3905.40,MHz,2020-10-21,18,27
22156,Servidor,"Core 4",42.00,°C,2020-10-21,18,27
22157,Servidor,"Core 4",1.60,%,2020-10-21,18,27
22158,Servidor,"Core 5",3905.40,MHz,2020-10-21,18,27
22159,Servidor,"Core 5",42.00,°C,2020-10-21,18,27
22160,Servidor,"Core 5",1.60,%,2020-10-21,18,27
22161,Servidor,"Core 6",3905.40,MHz,2020-10-21,18,27
22162,Servidor,"Core 6",47.00,°C,2020-10-21,18,27
22163,Servidor,"Core 6",17.20,%,2020-10-21,18,27
22243,Servidor,"Memoria uso %",29.40,%,2020-10-22,17,27
22244,Servidor,"Memoria uso GB",4.70,GB,2020-10-22,17,27
22245,Servidor,"Memoria livre GB",11.20,GB,2020-10-22,17,27
22246,Servidor,"Disco uso %",57.50,%,2020-10-22,17,27
22247,Servidor,"Disco temperatura",33.00,°C,2020-10-22,17,27
22248,Servidor,"Core 1",3905.40,MHz,2020-10-22,17,27
22249,Servidor,"Core 1",42.00,°C,2020-10-22,17,27
22250,Servidor,"Core 1",3.10,%,2020-10-22,17,27
22251,Servidor,"Core 2",3905.40,MHz,2020-10-22,17,27
22252,Servidor,"Core 2",45.00,°C,2020-10-22,17,27
22253,Servidor,"Core 2",7.80,%,2020-10-22,17,27
22254,Servidor,"Core 3",3905.40,MHz,2020-10-22,17,27
22255,Servidor,"Core 3",42.00,°C,2020-10-22,17,27
22256,Servidor,"Core 3",1.60,%,2020-10-22,17,27
22257,Servidor,"Core 4",3905.40,MHz,2020-10-22,17,27
22258,Servidor,"Core 4",40.00,°C,2020-10-22,17,27
22259,Servidor,"Core 4",0.00,%,2020-10-22,17,27
22260,Servidor,"Core 5",3905.40,MHz,2020-10-22,17,27
22261,Servidor,"Core 5",41.00,°C,2020-10-22,17,27
22262,Servidor,"Core 5",1.60,%,2020-10-22,17,27
22263,Servidor,"Core 6",3905.40,MHz,2020-10-22,17,27
22264,Servidor,"Core 6",47.00,°C,2020-10-22,17,27
22265,Servidor,"Core 6",4.70,%,2020-10-22,17,27
22358,Servidor,"Memoria uso %",29.50,%,2020-10-22,17,27
22359,Servidor,"Memoria uso GB",4.70,GB,2020-10-22,17,27
22360,Servidor,"Memoria livre GB",11.20,GB,2020-10-22,17,27
22361,Servidor,"Disco uso %",57.50,%,2020-10-22,17,27
22362,Servidor,"Disco temperatura",33.00,°C,2020-10-22,17,27
22363,Servidor,"Core 1",3905.40,MHz,2020-10-22,17,27
22364,Servidor,"Core 1",43.00,°C,2020-10-22,17,27
22365,Servidor,"Core 1",3.90,%,2020-10-22,17,27
22366,Servidor,"Core 2",3905.40,MHz,2020-10-22,17,27
22367,Servidor,"Core 2",44.00,°C,2020-10-22,17,27
22368,Servidor,"Core 2",7.80,%,2020-10-22,17,27
22369,Servidor,"Core 3",3905.40,MHz,2020-10-22,17,27
22370,Servidor,"Core 3",42.00,°C,2020-10-22,17,27
22371,Servidor,"Core 3",0.00,%,2020-10-22,17,27
22372,Servidor,"Core 4",3905.40,MHz,2020-10-22,17,27
22373,Servidor,"Core 4",40.00,°C,2020-10-22,17,27
22374,Servidor,"Core 4",4.70,%,2020-10-22,17,27
22375,Servidor,"Core 5",4005.50,MHz,2020-10-22,17,27
22376,Servidor,"Core 5",40.00,°C,2020-10-22,17,27
22377,Servidor,"Core 5",1.60,%,2020-10-22,17,27
22378,Servidor,"Core 6",4005.50,MHz,2020-10-22,17,27
22379,Servidor,"Core 6",42.00,°C,2020-10-22,17,27
22380,Servidor,"Core 6",4.70,%,2020-10-22,17,27
22450,Servidor,"Memoria uso %",29.50,%,2020-10-22,17,27
22451,Servidor,"Memoria uso GB",4.70,GB,2020-10-22,17,27
22452,Servidor,"Memoria livre GB",11.20,GB,2020-10-22,17,27
22453,Servidor,"Disco uso %",57.50,%,2020-10-22,17,27
22454,Servidor,"Disco temperatura",33.00,°C,2020-10-22,17,27
22455,Servidor,"Core 1",3905.40,MHz,2020-10-22,17,27
22456,Servidor,"Core 1",42.00,°C,2020-10-22,17,27
22457,Servidor,"Core 1",3.40,%,2020-10-22,17,27
22458,Servidor,"Core 2",3905.40,MHz,2020-10-22,17,27
22459,Servidor,"Core 2",43.00,°C,2020-10-22,17,27
22460,Servidor,"Core 2",6.30,%,2020-10-22,17,27
22461,Servidor,"Core 3",3905.40,MHz,2020-10-22,17,27
22462,Servidor,"Core 3",41.00,°C,2020-10-22,17,27
22463,Servidor,"Core 3",0.00,%,2020-10-22,17,27
22464,Servidor,"Core 4",3905.40,MHz,2020-10-22,17,27
22465,Servidor,"Core 4",39.00,°C,2020-10-22,17,27
22466,Servidor,"Core 4",1.60,%,2020-10-22,17,27
22467,Servidor,"Core 5",4005.50,MHz,2020-10-22,17,27
22468,Servidor,"Core 5",40.00,°C,2020-10-22,17,27
22469,Servidor,"Core 5",4.70,%,2020-10-22,17,27
22470,Servidor,"Core 6",3905.40,MHz,2020-10-22,17,27
22471,Servidor,"Core 6",41.00,°C,2020-10-22,17,27
22472,Servidor,"Core 6",4.70,%,2020-10-22,17,27
22473,Servidor,"Memoria uso %",29.50,%,2020-10-22,17,27
22474,Servidor,"Memoria uso GB",4.70,GB,2020-10-22,17,27
22475,Servidor,"Memoria livre GB",11.20,GB,2020-10-22,17,27
22476,Servidor,"Disco uso %",57.50,%,2020-10-22,17,27
22477,Servidor,"Disco temperatura",33.00,°C,2020-10-22,17,27
22478,Servidor,"Core 1",3905.40,MHz,2020-10-22,17,27
22479,Servidor,"Core 1",42.00,°C,2020-10-22,17,27
22480,Servidor,"Core 1",3.90,%,2020-10-22,17,27
22481,Servidor,"Core 2",3905.40,MHz,2020-10-22,17,27
22482,Servidor,"Core 2",42.00,°C,2020-10-22,17,27
22483,Servidor,"Core 2",7.80,%,2020-10-22,17,27
22484,Servidor,"Core 3",3905.40,MHz,2020-10-22,17,27
22485,Servidor,"Core 3",41.00,°C,2020-10-22,17,27
22486,Servidor,"Core 3",3.10,%,2020-10-22,17,27
22487,Servidor,"Core 4",3905.40,MHz,2020-10-22,17,27
22488,Servidor,"Core 4",39.00,°C,2020-10-22,17,27
22489,Servidor,"Core 4",1.60,%,2020-10-22,17,27
22490,Servidor,"Core 5",3905.40,MHz,2020-10-22,17,27
22491,Servidor,"Core 5",40.00,°C,2020-10-22,17,27
22492,Servidor,"Core 5",1.60,%,2020-10-22,17,27
22493,Servidor,"Core 6",3905.40,MHz,2020-10-22,17,27
22494,Servidor,"Core 6",41.00,°C,2020-10-22,17,27
22495,Servidor,"Core 6",3.10,%,2020-10-22,17,27
22519,Servidor,"Memoria uso %",29.60,%,2020-10-22,17,27
22520,Servidor,"Memoria uso GB",4.70,GB,2020-10-22,17,27
22521,Servidor,"Memoria livre GB",11.20,GB,2020-10-22,17,27
22522,Servidor,"Disco uso %",57.50,%,2020-10-22,17,27
22523,Servidor,"Disco temperatura",33.00,°C,2020-10-22,17,27
22524,Servidor,"Core 1",3905.40,MHz,2020-10-22,17,27
22525,Servidor,"Core 1",42.00,°C,2020-10-22,17,27
22526,Servidor,"Core 1",6.30,%,2020-10-22,17,27
22527,Servidor,"Core 2",3905.40,MHz,2020-10-22,17,27
22528,Servidor,"Core 2",43.00,°C,2020-10-22,17,27
22529,Servidor,"Core 2",12.50,%,2020-10-22,17,27
22530,Servidor,"Core 3",3905.40,MHz,2020-10-22,17,27
22531,Servidor,"Core 3",42.00,°C,2020-10-22,17,27
22532,Servidor,"Core 3",4.70,%,2020-10-22,17,27
22533,Servidor,"Core 4",3905.40,MHz,2020-10-22,17,27
22534,Servidor,"Core 4",39.00,°C,2020-10-22,17,27
22535,Servidor,"Core 4",4.70,%,2020-10-22,17,27
22536,Servidor,"Core 5",3905.40,MHz,2020-10-22,17,27
22537,Servidor,"Core 5",40.00,°C,2020-10-22,17,27
22538,Servidor,"Core 5",4.70,%,2020-10-22,17,27
22539,Servidor,"Core 6",3905.40,MHz,2020-10-22,17,27
22540,Servidor,"Core 6",41.00,°C,2020-10-22,17,27
22541,Servidor,"Core 6",4.70,%,2020-10-22,17,27
22542,Servidor,"Memoria uso %",29.60,%,2020-10-22,17,27
22543,Servidor,"Memoria uso GB",4.70,GB,2020-10-22,17,27
22544,Servidor,"Memoria livre GB",11.20,GB,2020-10-22,17,27
22545,Servidor,"Disco uso %",57.50,%,2020-10-22,17,27
22546,Servidor,"Disco temperatura",33.00,°C,2020-10-22,17,27
22547,Servidor,"Core 1",3905.40,MHz,2020-10-22,17,27
22548,Servidor,"Core 1",42.00,°C,2020-10-22,17,27
22549,Servidor,"Core 1",2.60,%,2020-10-22,17,27
22550,Servidor,"Core 2",4005.50,MHz,2020-10-22,17,27
22551,Servidor,"Core 2",43.00,°C,2020-10-22,17,27
22552,Servidor,"Core 2",9.40,%,2020-10-22,17,27
22553,Servidor,"Core 3",3905.40,MHz,2020-10-22,17,27
22554,Servidor,"Core 3",41.00,°C,2020-10-22,17,27
22555,Servidor,"Core 3",1.60,%,2020-10-22,17,27
22556,Servidor,"Core 4",3905.40,MHz,2020-10-22,17,27
22557,Servidor,"Core 4",38.00,°C,2020-10-22,17,27
22558,Servidor,"Core 4",0.00,%,2020-10-22,17,27
22559,Servidor,"Core 5",3905.40,MHz,2020-10-22,17,27
22560,Servidor,"Core 5",40.00,°C,2020-10-22,17,27
22561,Servidor,"Core 5",0.00,%,2020-10-22,17,27
22562,Servidor,"Core 6",3905.40,MHz,2020-10-22,17,27
22563,Servidor,"Core 6",42.00,°C,2020-10-22,17,27
22564,Servidor,"Core 6",3.10,%,2020-10-22,17,27
22565,Servidor,"Memoria uso %",29.60,%,2020-10-22,17,27
22566,Servidor,"Memoria uso GB",4.70,GB,2020-10-22,17,27
22567,Servidor,"Memoria livre GB",11.20,GB,2020-10-22,17,27
22568,Servidor,"Disco uso %",57.50,%,2020-10-22,17,27
22569,Servidor,"Disco temperatura",33.00,°C,2020-10-22,17,27
22570,Servidor,"Core 1",3905.40,MHz,2020-10-22,17,27
22571,Servidor,"Core 1",41.00,°C,2020-10-22,17,27
22572,Servidor,"Core 1",3.40,%,2020-10-22,17,27
22573,Servidor,"Core 2",4005.50,MHz,2020-10-22,17,27
22574,Servidor,"Core 2",43.00,°C,2020-10-22,17,27
22575,Servidor,"Core 2",3.10,%,2020-10-22,17,27
22576,Servidor,"Core 3",4005.50,MHz,2020-10-22,17,27
22577,Servidor,"Core 3",41.00,°C,2020-10-22,17,27
22578,Servidor,"Core 3",4.70,%,2020-10-22,17,27
22579,Servidor,"Core 4",3905.40,MHz,2020-10-22,17,27
22580,Servidor,"Core 4",38.00,°C,2020-10-22,17,27
22581,Servidor,"Core 4",0.00,%,2020-10-22,17,27
22582,Servidor,"Core 5",4005.50,MHz,2020-10-22,17,27
22583,Servidor,"Core 5",40.00,°C,2020-10-22,17,27
22584,Servidor,"Core 5",4.70,%,2020-10-22,17,27
22585,Servidor,"Core 6",3905.40,MHz,2020-10-22,17,27
22586,Servidor,"Core 6",41.00,°C,2020-10-22,17,27
22587,Servidor,"Core 6",3.10,%,2020-10-22,17,27
22680,Servidor,"Memoria uso %",34.50,%,2020-10-22,17,27
22681,Servidor,"Memoria uso GB",5.50,GB,2020-10-22,17,27
22682,Servidor,"Memoria livre GB",10.40,GB,2020-10-22,17,27
22683,Servidor,"Disco uso %",57.50,%,2020-10-22,17,27
22684,Servidor,"Disco temperatura",33.00,°C,2020-10-22,17,27
22685,Servidor,"Core 1",3905.40,MHz,2020-10-22,17,27
22686,Servidor,"Core 1",48.00,°C,2020-10-22,17,27
22687,Servidor,"Core 1",15.90,%,2020-10-22,17,27
22688,Servidor,"Core 2",3905.40,MHz,2020-10-22,17,27
22689,Servidor,"Core 2",47.00,°C,2020-10-22,17,27
22690,Servidor,"Core 2",20.30,%,2020-10-22,17,27
22691,Servidor,"Core 3",3905.40,MHz,2020-10-22,17,27
22692,Servidor,"Core 3",45.00,°C,2020-10-22,17,27
22693,Servidor,"Core 3",15.60,%,2020-10-22,17,27
22694,Servidor,"Core 4",3905.40,MHz,2020-10-22,17,27
22695,Servidor,"Core 4",45.00,°C,2020-10-22,17,27
22696,Servidor,"Core 4",12.50,%,2020-10-22,17,27
22697,Servidor,"Core 5",3905.40,MHz,2020-10-22,17,27
22698,Servidor,"Core 5",45.00,°C,2020-10-22,17,27
22699,Servidor,"Core 5",10.90,%,2020-10-22,17,27
22700,Servidor,"Core 6",3905.40,MHz,2020-10-22,17,27
22701,Servidor,"Core 6",47.00,°C,2020-10-22,17,27
22702,Servidor,"Core 6",12.50,%,2020-10-22,17,27
22703,Servidor,"Memoria uso %",35.20,%,2020-10-22,17,27
22704,Servidor,"Memoria uso GB",5.60,GB,2020-10-22,17,27
22705,Servidor,"Memoria livre GB",10.30,GB,2020-10-22,17,27
22706,Servidor,"Disco uso %",57.50,%,2020-10-22,17,27
22707,Servidor,"Disco temperatura",33.00,°C,2020-10-22,17,27
22708,Servidor,"Core 1",3905.40,MHz,2020-10-22,17,27
22709,Servidor,"Core 1",55.00,°C,2020-10-22,17,27
22710,Servidor,"Core 1",23.40,%,2020-10-22,17,27
22711,Servidor,"Core 2",3905.40,MHz,2020-10-22,17,27
22712,Servidor,"Core 2",48.00,°C,2020-10-22,17,27
22713,Servidor,"Core 2",18.80,%,2020-10-22,17,27
22714,Servidor,"Core 3",3905.40,MHz,2020-10-22,17,27
22715,Servidor,"Core 3",45.00,°C,2020-10-22,17,27
22716,Servidor,"Core 3",21.90,%,2020-10-22,17,27
22717,Servidor,"Core 4",3905.40,MHz,2020-10-22,17,27
22718,Servidor,"Core 4",44.00,°C,2020-10-22,17,27
22719,Servidor,"Core 4",15.60,%,2020-10-22,17,27
22720,Servidor,"Core 5",3905.40,MHz,2020-10-22,17,27
22721,Servidor,"Core 5",45.00,°C,2020-10-22,17,27
22722,Servidor,"Core 5",18.80,%,2020-10-22,17,27
22723,Servidor,"Core 6",3905.40,MHz,2020-10-22,17,27
22724,Servidor,"Core 6",48.00,°C,2020-10-22,17,27
22725,Servidor,"Core 6",14.10,%,2020-10-22,17,27
22818,Servidor,"Memoria uso %",30.20,%,2020-10-22,17,27
22819,Servidor,"Memoria uso GB",4.80,GB,2020-10-22,17,27
22820,Servidor,"Memoria livre GB",11.10,GB,2020-10-22,17,27
22821,Servidor,"Disco uso %",57.50,%,2020-10-22,17,27
22822,Servidor,"Disco temperatura",33.00,°C,2020-10-22,17,27
22823,Servidor,"Core 1",3905.40,MHz,2020-10-22,17,27
22824,Servidor,"Core 1",47.00,°C,2020-10-22,17,27
22825,Servidor,"Core 1",6.80,%,2020-10-22,17,27
22826,Servidor,"Core 2",4005.50,MHz,2020-10-22,17,27
22827,Servidor,"Core 2",47.00,°C,2020-10-22,17,27
22828,Servidor,"Core 2",7.80,%,2020-10-22,17,27
22829,Servidor,"Core 3",3905.40,MHz,2020-10-22,17,27
22830,Servidor,"Core 3",46.00,°C,2020-10-22,17,27
22831,Servidor,"Core 3",6.30,%,2020-10-22,17,27
22832,Servidor,"Core 4",3905.40,MHz,2020-10-22,17,27
22833,Servidor,"Core 4",44.00,°C,2020-10-22,17,27
22834,Servidor,"Core 4",10.90,%,2020-10-22,17,27
22835,Servidor,"Core 5",3905.40,MHz,2020-10-22,17,27
22836,Servidor,"Core 5",44.00,°C,2020-10-22,17,27
22837,Servidor,"Core 5",3.10,%,2020-10-22,17,27
22838,Servidor,"Core 6",3905.40,MHz,2020-10-22,17,27
22839,Servidor,"Core 6",46.00,°C,2020-10-22,17,27
22840,Servidor,"Core 6",4.70,%,2020-10-22,17,27
22933,Servidor,"Memoria uso %",35.50,%,2020-10-22,17,27
22934,Servidor,"Memoria uso GB",5.70,GB,2020-10-22,17,27
22935,Servidor,"Memoria livre GB",10.30,GB,2020-10-22,17,27
22936,Servidor,"Disco uso %",57.60,%,2020-10-22,17,27
22937,Servidor,"Disco temperatura",33.00,°C,2020-10-22,17,27
22938,Servidor,"Core 1",3905.40,MHz,2020-10-22,17,27
22939,Servidor,"Core 1",40.00,°C,2020-10-22,17,27
22940,Servidor,"Core 1",10.40,%,2020-10-22,17,27
22941,Servidor,"Core 2",3905.40,MHz,2020-10-22,17,27
22942,Servidor,"Core 2",42.00,°C,2020-10-22,17,27
22943,Servidor,"Core 2",14.10,%,2020-10-22,17,27
22944,Servidor,"Core 3",4005.50,MHz,2020-10-22,17,27
22945,Servidor,"Core 3",40.00,°C,2020-10-22,17,27
22946,Servidor,"Core 3",18.80,%,2020-10-22,17,27
22947,Servidor,"Core 4",4005.50,MHz,2020-10-22,17,27
22948,Servidor,"Core 4",39.00,°C,2020-10-22,17,27
22949,Servidor,"Core 4",6.30,%,2020-10-22,17,27
22950,Servidor,"Core 5",3905.40,MHz,2020-10-22,17,27
22951,Servidor,"Core 5",38.00,°C,2020-10-22,17,27
22952,Servidor,"Core 5",4.70,%,2020-10-22,17,27
22953,Servidor,"Core 6",3905.40,MHz,2020-10-22,17,27
22954,Servidor,"Core 6",40.00,°C,2020-10-22,17,27
22955,Servidor,"Core 6",1.60,%,2020-10-22,17,27
23140,Servidor,"Memoria uso %",35.00,%,2020-10-22,17,27
23141,Servidor,"Memoria uso GB",5.60,GB,2020-10-22,17,27
23142,Servidor,"Memoria livre GB",10.40,GB,2020-10-22,17,27
23143,Servidor,"Disco uso %",57.50,%,2020-10-22,17,27
23144,Servidor,"Disco temperatura",33.00,°C,2020-10-22,17,27
23145,Servidor,"Core 1",3905.40,MHz,2020-10-22,17,27
23146,Servidor,"Core 1",40.00,°C,2020-10-22,17,27
23147,Servidor,"Core 1",5.70,%,2020-10-22,17,27
23148,Servidor,"Core 2",3905.40,MHz,2020-10-22,17,27
23149,Servidor,"Core 2",42.00,°C,2020-10-22,17,27
23150,Servidor,"Core 2",12.50,%,2020-10-22,17,27
23151,Servidor,"Core 3",3905.40,MHz,2020-10-22,17,27
23152,Servidor,"Core 3",40.00,°C,2020-10-22,17,27
23153,Servidor,"Core 3",3.10,%,2020-10-22,17,27
23154,Servidor,"Core 4",3905.40,MHz,2020-10-22,17,27
23155,Servidor,"Core 4",37.00,°C,2020-10-22,17,27
23156,Servidor,"Core 4",4.70,%,2020-10-22,17,27
23157,Servidor,"Core 5",3905.40,MHz,2020-10-22,17,27
23158,Servidor,"Core 5",38.00,°C,2020-10-22,17,27
23159,Servidor,"Core 5",1.60,%,2020-10-22,17,27
23160,Servidor,"Core 6",3905.40,MHz,2020-10-22,17,27
23161,Servidor,"Core 6",39.00,°C,2020-10-22,17,27
23162,Servidor,"Core 6",4.70,%,2020-10-22,17,27
23163,Servidor,"Memoria uso %",35.00,%,2020-10-22,17,27
23164,Servidor,"Memoria uso GB",5.60,GB,2020-10-22,17,27
23165,Servidor,"Memoria livre GB",10.40,GB,2020-10-22,17,27
23166,Servidor,"Disco uso %",57.50,%,2020-10-22,17,27
23167,Servidor,"Disco temperatura",33.00,°C,2020-10-22,17,27
23168,Servidor,"Core 1",3905.40,MHz,2020-10-22,17,27
23169,Servidor,"Core 1",40.00,°C,2020-10-22,17,27
23170,Servidor,"Core 1",14.10,%,2020-10-22,17,27
23171,Servidor,"Core 2",3905.40,MHz,2020-10-22,17,27
23172,Servidor,"Core 2",41.00,°C,2020-10-22,17,27
23173,Servidor,"Core 2",6.30,%,2020-10-22,17,27
23174,Servidor,"Core 3",3905.40,MHz,2020-10-22,17,27
23175,Servidor,"Core 3",40.00,°C,2020-10-22,17,27
23176,Servidor,"Core 3",31.30,%,2020-10-22,17,27
23177,Servidor,"Core 4",3905.40,MHz,2020-10-22,17,27
23178,Servidor,"Core 4",38.00,°C,2020-10-22,17,27
23179,Servidor,"Core 4",15.60,%,2020-10-22,17,27
23180,Servidor,"Core 5",3905.40,MHz,2020-10-22,17,27
23181,Servidor,"Core 5",38.00,°C,2020-10-22,17,27
23182,Servidor,"Core 5",6.30,%,2020-10-22,17,27
23183,Servidor,"Core 6",3905.40,MHz,2020-10-22,17,27
23184,Servidor,"Core 6",39.00,°C,2020-10-22,17,27
23185,Servidor,"Core 6",1.60,%,2020-10-22,17,27
23186,Servidor,"Memoria uso %",35.00,%,2020-10-22,17,27
23187,Servidor,"Memoria uso GB",5.60,GB,2020-10-22,17,27
23188,Servidor,"Memoria livre GB",10.40,GB,2020-10-22,17,27
23189,Servidor,"Disco uso %",57.50,%,2020-10-22,17,27
23190,Servidor,"Disco temperatura",33.00,°C,2020-10-22,17,27
23191,Servidor,"Core 1",4005.50,MHz,2020-10-22,17,27
23192,Servidor,"Core 1",40.00,°C,2020-10-22,17,27
23193,Servidor,"Core 1",2.30,%,2020-10-22,17,27
23194,Servidor,"Core 2",3905.40,MHz,2020-10-22,17,27
23195,Servidor,"Core 2",41.00,°C,2020-10-22,17,27
23196,Servidor,"Core 2",0.00,%,2020-10-22,17,27
23197,Servidor,"Core 3",3905.40,MHz,2020-10-22,17,27
23198,Servidor,"Core 3",39.00,°C,2020-10-22,17,27
23199,Servidor,"Core 3",0.00,%,2020-10-22,17,27
23200,Servidor,"Core 4",3905.40,MHz,2020-10-22,17,27
23201,Servidor,"Core 4",37.00,°C,2020-10-22,17,27
23202,Servidor,"Core 4",1.60,%,2020-10-22,17,27
23203,Servidor,"Core 5",3905.40,MHz,2020-10-22,17,27
23204,Servidor,"Core 5",38.00,°C,2020-10-22,17,27
23205,Servidor,"Core 5",3.10,%,2020-10-22,17,27
23206,Servidor,"Core 6",3905.40,MHz,2020-10-22,17,27
23207,Servidor,"Core 6",39.00,°C,2020-10-22,17,27
23208,Servidor,"Core 6",1.60,%,2020-10-22,17,27
23255,Servidor,"Memoria uso %",34.30,%,2020-10-22,17,27
23256,Servidor,"Memoria uso GB",5.50,GB,2020-10-22,17,27
23257,Servidor,"Memoria livre GB",10.50,GB,2020-10-22,17,27
23258,Servidor,"Disco uso %",57.60,%,2020-10-22,17,27
23259,Servidor,"Disco temperatura",33.00,°C,2020-10-22,17,27
23260,Servidor,"Core 1",3905.40,MHz,2020-10-22,17,27
23261,Servidor,"Core 1",43.00,°C,2020-10-22,17,27
23262,Servidor,"Core 1",4.40,%,2020-10-22,17,27
23263,Servidor,"Core 2",3905.40,MHz,2020-10-22,17,27
23264,Servidor,"Core 2",44.00,°C,2020-10-22,17,27
23265,Servidor,"Core 2",10.90,%,2020-10-22,17,27
23266,Servidor,"Core 3",3905.40,MHz,2020-10-22,17,27
23267,Servidor,"Core 3",42.00,°C,2020-10-22,17,27
23268,Servidor,"Core 3",4.70,%,2020-10-22,17,27
23269,Servidor,"Core 4",3905.40,MHz,2020-10-22,17,27
23270,Servidor,"Core 4",40.00,°C,2020-10-22,17,27
23271,Servidor,"Core 4",1.60,%,2020-10-22,17,27
23272,Servidor,"Core 5",3905.40,MHz,2020-10-22,17,27
23273,Servidor,"Core 5",39.00,°C,2020-10-22,17,27
23274,Servidor,"Core 5",3.10,%,2020-10-22,17,27
23275,Servidor,"Core 6",3905.40,MHz,2020-10-22,17,27
23276,Servidor,"Core 6",40.00,°C,2020-10-22,17,27
23277,Servidor,"Core 6",3.10,%,2020-10-22,17,27
23278,Servidor,"Memoria uso %",34.50,%,2020-10-22,17,27
23279,Servidor,"Memoria uso GB",5.50,GB,2020-10-22,17,27
23280,Servidor,"Memoria livre GB",10.40,GB,2020-10-22,17,27
23281,Servidor,"Disco uso %",57.60,%,2020-10-22,17,27
23282,Servidor,"Disco temperatura",33.00,°C,2020-10-22,17,27
23283,Servidor,"Core 1",3905.40,MHz,2020-10-22,17,27
23284,Servidor,"Core 1",42.00,°C,2020-10-22,17,27
23285,Servidor,"Core 1",3.10,%,2020-10-22,17,27
23286,Servidor,"Core 2",3905.40,MHz,2020-10-22,17,27
23287,Servidor,"Core 2",42.00,°C,2020-10-22,17,27
23288,Servidor,"Core 2",4.70,%,2020-10-22,17,27
23289,Servidor,"Core 3",3905.40,MHz,2020-10-22,17,27
23290,Servidor,"Core 3",43.00,°C,2020-10-22,17,27
23291,Servidor,"Core 3",3.10,%,2020-10-22,17,27
23292,Servidor,"Core 4",3905.40,MHz,2020-10-22,17,27
23293,Servidor,"Core 4",39.00,°C,2020-10-22,17,27
23294,Servidor,"Core 4",3.10,%,2020-10-22,17,27
23295,Servidor,"Core 5",3905.40,MHz,2020-10-22,17,27
23296,Servidor,"Core 5",39.00,°C,2020-10-22,17,27
23297,Servidor,"Core 5",4.70,%,2020-10-22,17,27
23298,Servidor,"Core 6",3905.40,MHz,2020-10-22,17,27
23299,Servidor,"Core 6",42.00,°C,2020-10-22,17,27
23300,Servidor,"Core 6",0.00,%,2020-10-22,17,27
23334,Servidor,"Memoria uso %",36.90,%,2020-10-23,15,28
23335,Servidor,"Memoria uso GB",5.90,GB,2020-10-23,15,28
23336,Servidor,"Memoria livre GB",10.10,GB,2020-10-23,15,28
23337,Servidor,"Disco uso %",55.40,%,2020-10-23,15,28
23338,Servidor,"Disco temperatura",33.00,°C,2020-10-23,15,28
23339,Servidor,"Core 1",3905.40,MHz,2020-10-23,15,28
23340,Servidor,"Core 1",51.00,°C,2020-10-23,15,28
23341,Servidor,"Core 1",11.20,%,2020-10-23,15,28
23342,Servidor,"Core 2",3905.40,MHz,2020-10-23,15,28
23343,Servidor,"Core 2",51.00,°C,2020-10-23,15,28
23344,Servidor,"Core 2",25.00,%,2020-10-23,15,28
23345,Servidor,"Core 3",3905.40,MHz,2020-10-23,15,28
23346,Servidor,"Core 3",50.00,°C,2020-10-23,15,28
23347,Servidor,"Core 3",9.40,%,2020-10-23,15,28
23348,Servidor,"Core 4",3905.40,MHz,2020-10-23,15,28
23349,Servidor,"Core 4",47.00,°C,2020-10-23,15,28
23350,Servidor,"Core 4",7.80,%,2020-10-23,15,28
23351,Servidor,"Core 5",3905.40,MHz,2020-10-23,15,28
23352,Servidor,"Core 5",47.00,°C,2020-10-23,15,28
23353,Servidor,"Core 5",12.50,%,2020-10-23,15,28
23354,Servidor,"Core 6",3905.40,MHz,2020-10-23,15,28
23355,Servidor,"Core 6",49.00,°C,2020-10-23,15,28
23356,Servidor,"Core 6",4.70,%,2020-10-23,15,28
23357,Servidor,"Memoria uso %",36.80,%,2020-10-23,15,28
23358,Servidor,"Memoria uso GB",5.90,GB,2020-10-23,15,28
23359,Servidor,"Memoria livre GB",10.10,GB,2020-10-23,15,28
23360,Servidor,"Disco uso %",55.40,%,2020-10-23,15,28
23361,Servidor,"Disco temperatura",33.00,°C,2020-10-23,15,28
23362,Servidor,"Core 1",3905.40,MHz,2020-10-23,15,28
23363,Servidor,"Core 1",50.00,°C,2020-10-23,15,28
23364,Servidor,"Core 1",3.40,%,2020-10-23,15,28
23365,Servidor,"Core 2",3905.40,MHz,2020-10-23,15,28
23366,Servidor,"Core 2",49.00,°C,2020-10-23,15,28
23367,Servidor,"Core 2",9.40,%,2020-10-23,15,28
23368,Servidor,"Core 3",4005.50,MHz,2020-10-23,15,28
23369,Servidor,"Core 3",48.00,°C,2020-10-23,15,28
23370,Servidor,"Core 3",1.60,%,2020-10-23,15,28
23371,Servidor,"Core 4",3905.40,MHz,2020-10-23,15,28
23372,Servidor,"Core 4",47.00,°C,2020-10-23,15,28
23373,Servidor,"Core 4",0.00,%,2020-10-23,15,28
23374,Servidor,"Core 5",3905.40,MHz,2020-10-23,15,28
23375,Servidor,"Core 5",47.00,°C,2020-10-23,15,28
23376,Servidor,"Core 5",3.10,%,2020-10-23,15,28
23377,Servidor,"Core 6",3905.40,MHz,2020-10-23,15,28
23378,Servidor,"Core 6",48.00,°C,2020-10-23,15,28
23379,Servidor,"Core 6",3.10,%,2020-10-23,15,28
23403,Servidor,"Memoria uso %",36.50,%,2020-10-23,15,28
23404,Servidor,"Memoria uso GB",5.80,GB,2020-10-23,15,28
23405,Servidor,"Memoria livre GB",10.10,GB,2020-10-23,15,28
23406,Servidor,"Disco uso %",55.40,%,2020-10-23,15,28
23407,Servidor,"Disco temperatura",33.00,°C,2020-10-23,15,28
23408,Servidor,"Core 1",4005.50,MHz,2020-10-23,15,28
23409,Servidor,"Core 1",48.00,°C,2020-10-23,15,28
23410,Servidor,"Core 1",6.80,%,2020-10-23,15,28
23411,Servidor,"Core 2",3905.40,MHz,2020-10-23,15,28
23412,Servidor,"Core 2",48.00,°C,2020-10-23,15,28
23413,Servidor,"Core 2",10.90,%,2020-10-23,15,28
23414,Servidor,"Core 3",3905.40,MHz,2020-10-23,15,28
23415,Servidor,"Core 3",47.00,°C,2020-10-23,15,28
23416,Servidor,"Core 3",7.80,%,2020-10-23,15,28
23417,Servidor,"Core 4",3905.40,MHz,2020-10-23,15,28
23418,Servidor,"Core 4",46.00,°C,2020-10-23,15,28
23419,Servidor,"Core 4",4.70,%,2020-10-23,15,28
23420,Servidor,"Core 5",3905.40,MHz,2020-10-23,15,28
23421,Servidor,"Core 5",45.00,°C,2020-10-23,15,28
23422,Servidor,"Core 5",10.90,%,2020-10-23,15,28
23423,Servidor,"Core 6",3905.40,MHz,2020-10-23,15,28
23424,Servidor,"Core 6",48.00,°C,2020-10-23,15,28
23425,Servidor,"Core 6",3.10,%,2020-10-23,15,28
23426,Servidor,"Memoria uso %",36.50,%,2020-10-23,15,28
23427,Servidor,"Memoria uso GB",5.80,GB,2020-10-23,15,28
23428,Servidor,"Memoria livre GB",10.10,GB,2020-10-23,15,28
23429,Servidor,"Disco uso %",55.40,%,2020-10-23,15,28
23430,Servidor,"Disco temperatura",33.00,°C,2020-10-23,15,28
23431,Servidor,"Core 1",3905.40,MHz,2020-10-23,15,28
23432,Servidor,"Core 1",48.00,°C,2020-10-23,15,28
23433,Servidor,"Core 1",2.60,%,2020-10-23,15,28
23434,Servidor,"Core 2",4005.50,MHz,2020-10-23,15,28
23435,Servidor,"Core 2",48.00,°C,2020-10-23,15,28
23436,Servidor,"Core 2",7.80,%,2020-10-23,15,28
23437,Servidor,"Core 3",3905.40,MHz,2020-10-23,15,28
23438,Servidor,"Core 3",47.00,°C,2020-10-23,15,28
23439,Servidor,"Core 3",1.60,%,2020-10-23,15,28
23440,Servidor,"Core 4",4005.50,MHz,2020-10-23,15,28
23441,Servidor,"Core 4",45.00,°C,2020-10-23,15,28
23442,Servidor,"Core 4",0.00,%,2020-10-23,15,28
23443,Servidor,"Core 5",3905.40,MHz,2020-10-23,15,28
23444,Servidor,"Core 5",45.00,°C,2020-10-23,15,28
23445,Servidor,"Core 5",3.10,%,2020-10-23,15,28
23446,Servidor,"Core 6",3905.40,MHz,2020-10-23,15,28
23447,Servidor,"Core 6",47.00,°C,2020-10-23,15,28
23448,Servidor,"Core 6",0.00,%,2020-10-23,15,28
23449,Servidor,"Memoria uso %",36.50,%,2020-10-23,15,28
23450,Servidor,"Memoria uso GB",5.80,GB,2020-10-23,15,28
23451,Servidor,"Memoria livre GB",10.10,GB,2020-10-23,15,28
23452,Servidor,"Disco uso %",55.40,%,2020-10-23,15,28
23453,Servidor,"Disco temperatura",33.00,°C,2020-10-23,15,28
23454,Servidor,"Core 1",3905.40,MHz,2020-10-23,15,28
23455,Servidor,"Core 1",46.00,°C,2020-10-23,15,28
23456,Servidor,"Core 1",6.80,%,2020-10-23,15,28
23457,Servidor,"Core 2",3905.40,MHz,2020-10-23,15,28
23458,Servidor,"Core 2",48.00,°C,2020-10-23,15,28
23459,Servidor,"Core 2",9.40,%,2020-10-23,15,28
23460,Servidor,"Core 3",3905.40,MHz,2020-10-23,15,28
23461,Servidor,"Core 3",47.00,°C,2020-10-23,15,28
23462,Servidor,"Core 3",6.30,%,2020-10-23,15,28
23463,Servidor,"Core 4",3905.40,MHz,2020-10-23,15,28
23464,Servidor,"Core 4",45.00,°C,2020-10-23,15,28
23465,Servidor,"Core 4",3.10,%,2020-10-23,15,28
23466,Servidor,"Core 5",3905.40,MHz,2020-10-23,15,28
23467,Servidor,"Core 5",44.00,°C,2020-10-23,15,28
23468,Servidor,"Core 5",7.80,%,2020-10-23,15,28
23469,Servidor,"Core 6",4005.50,MHz,2020-10-23,15,28
23470,Servidor,"Core 6",46.00,°C,2020-10-23,15,28
23471,Servidor,"Core 6",4.70,%,2020-10-23,15,28
23495,Servidor,"Memoria uso %",36.50,%,2020-10-23,15,28
23496,Servidor,"Memoria uso GB",5.80,GB,2020-10-23,15,28
23497,Servidor,"Memoria livre GB",10.10,GB,2020-10-23,15,28
23498,Servidor,"Disco uso %",55.40,%,2020-10-23,15,28
23499,Servidor,"Disco temperatura",33.00,°C,2020-10-23,15,28
23500,Servidor,"Core 1",3905.40,MHz,2020-10-23,15,28
23501,Servidor,"Core 1",47.00,°C,2020-10-23,15,28
23502,Servidor,"Core 1",5.70,%,2020-10-23,15,28
23503,Servidor,"Core 2",3905.40,MHz,2020-10-23,15,28
23504,Servidor,"Core 2",48.00,°C,2020-10-23,15,28
23505,Servidor,"Core 2",15.60,%,2020-10-23,15,28
23506,Servidor,"Core 3",3905.40,MHz,2020-10-23,15,28
23507,Servidor,"Core 3",45.00,°C,2020-10-23,15,28
23508,Servidor,"Core 3",3.10,%,2020-10-23,15,28
23509,Servidor,"Core 4",3905.40,MHz,2020-10-23,15,28
23510,Servidor,"Core 4",46.00,°C,2020-10-23,15,28
23511,Servidor,"Core 4",3.10,%,2020-10-23,15,28
23512,Servidor,"Core 5",3905.40,MHz,2020-10-23,15,28
23513,Servidor,"Core 5",44.00,°C,2020-10-23,15,28
23514,Servidor,"Core 5",7.80,%,2020-10-23,15,28
23515,Servidor,"Core 6",3905.40,MHz,2020-10-23,15,28
23516,Servidor,"Core 6",47.00,°C,2020-10-23,15,28
23517,Servidor,"Core 6",0.00,%,2020-10-23,15,28
23518,Servidor,"Memoria uso %",36.50,%,2020-10-23,15,28
23519,Servidor,"Memoria uso GB",5.80,GB,2020-10-23,15,28
23520,Servidor,"Memoria livre GB",10.10,GB,2020-10-23,15,28
23521,Servidor,"Disco uso %",55.40,%,2020-10-23,15,28
23522,Servidor,"Disco temperatura",33.00,°C,2020-10-23,15,28
23523,Servidor,"Core 1",4005.50,MHz,2020-10-23,15,28
23524,Servidor,"Core 1",46.00,°C,2020-10-23,15,28
23525,Servidor,"Core 1",3.40,%,2020-10-23,15,28
23526,Servidor,"Core 2",3905.40,MHz,2020-10-23,15,28
23527,Servidor,"Core 2",46.00,°C,2020-10-23,15,28
23528,Servidor,"Core 2",9.40,%,2020-10-23,15,28
23529,Servidor,"Core 3",3905.40,MHz,2020-10-23,15,28
23530,Servidor,"Core 3",44.00,°C,2020-10-23,15,28
23531,Servidor,"Core 3",1.60,%,2020-10-23,15,28
23532,Servidor,"Core 4",3905.40,MHz,2020-10-23,15,28
23533,Servidor,"Core 4",44.00,°C,2020-10-23,15,28
23534,Servidor,"Core 4",0.00,%,2020-10-23,15,28
23535,Servidor,"Core 5",3905.40,MHz,2020-10-23,15,28
23536,Servidor,"Core 5",42.00,°C,2020-10-23,15,28
23537,Servidor,"Core 5",6.30,%,2020-10-23,15,28
23538,Servidor,"Core 6",3905.40,MHz,2020-10-23,15,28
23539,Servidor,"Core 6",45.00,°C,2020-10-23,15,28
23540,Servidor,"Core 6",0.00,%,2020-10-23,15,28
23564,Servidor,"Memoria uso %",36.50,%,2020-10-23,15,28
23565,Servidor,"Memoria uso GB",5.80,GB,2020-10-23,15,28
23566,Servidor,"Memoria livre GB",10.10,GB,2020-10-23,15,28
23567,Servidor,"Disco uso %",55.40,%,2020-10-23,15,28
23568,Servidor,"Disco temperatura",33.00,°C,2020-10-23,15,28
23569,Servidor,"Core 1",3905.40,MHz,2020-10-23,15,28
23570,Servidor,"Core 1",45.00,°C,2020-10-23,15,28
23571,Servidor,"Core 1",4.40,%,2020-10-23,15,28
23572,Servidor,"Core 2",3905.40,MHz,2020-10-23,15,28
23573,Servidor,"Core 2",45.00,°C,2020-10-23,15,28
23574,Servidor,"Core 2",14.10,%,2020-10-23,15,28
23575,Servidor,"Core 3",3905.40,MHz,2020-10-23,15,28
23576,Servidor,"Core 3",44.00,°C,2020-10-23,15,28
23577,Servidor,"Core 3",1.60,%,2020-10-23,15,28
23578,Servidor,"Core 4",3905.40,MHz,2020-10-23,15,28
23579,Servidor,"Core 4",43.00,°C,2020-10-23,15,28
23580,Servidor,"Core 4",0.00,%,2020-10-23,15,28
23581,Servidor,"Core 5",3905.40,MHz,2020-10-23,15,28
23582,Servidor,"Core 5",42.00,°C,2020-10-23,15,28
23583,Servidor,"Core 5",1.60,%,2020-10-23,15,28
23584,Servidor,"Core 6",3905.40,MHz,2020-10-23,15,28
23585,Servidor,"Core 6",46.00,°C,2020-10-23,15,28
23586,Servidor,"Core 6",4.70,%,2020-10-23,15,28
23587,Servidor,"Memoria uso %",36.40,%,2020-10-23,15,28
23588,Servidor,"Memoria uso GB",5.80,GB,2020-10-23,15,28
23589,Servidor,"Memoria livre GB",10.10,GB,2020-10-23,15,28
23590,Servidor,"Disco uso %",55.40,%,2020-10-23,15,28
23591,Servidor,"Disco temperatura",33.00,°C,2020-10-23,15,28
23592,Servidor,"Core 1",4005.50,MHz,2020-10-23,15,28
23593,Servidor,"Core 1",44.00,°C,2020-10-23,15,28
23594,Servidor,"Core 1",6.50,%,2020-10-23,15,28
23595,Servidor,"Core 2",4005.50,MHz,2020-10-23,15,28
23596,Servidor,"Core 2",44.00,°C,2020-10-23,15,28
23597,Servidor,"Core 2",10.90,%,2020-10-23,15,28
23598,Servidor,"Core 3",3905.40,MHz,2020-10-23,15,28
23599,Servidor,"Core 3",44.00,°C,2020-10-23,15,28
23600,Servidor,"Core 3",6.30,%,2020-10-23,15,28
23601,Servidor,"Core 4",3905.40,MHz,2020-10-23,15,28
23602,Servidor,"Core 4",42.00,°C,2020-10-23,15,28
23603,Servidor,"Core 4",1.60,%,2020-10-23,15,28
23604,Servidor,"Core 5",4005.50,MHz,2020-10-23,15,28
23605,Servidor,"Core 5",42.00,°C,2020-10-23,15,28
23606,Servidor,"Core 5",12.50,%,2020-10-23,15,28
23607,Servidor,"Core 6",3905.40,MHz,2020-10-23,15,28
23608,Servidor,"Core 6",44.00,°C,2020-10-23,15,28
23609,Servidor,"Core 6",4.70,%,2020-10-23,15,28
23725,Servidor,"Memoria uso %",36.50,%,2020-10-23,15,28
23726,Servidor,"Memoria uso GB",5.80,GB,2020-10-23,15,28
23727,Servidor,"Memoria livre GB",10.10,GB,2020-10-23,15,28
23728,Servidor,"Disco uso %",55.40,%,2020-10-23,15,28
23729,Servidor,"Disco temperatura",33.00,°C,2020-10-23,15,28
23730,Servidor,"Core 1",4005.50,MHz,2020-10-23,15,28
23731,Servidor,"Core 1",43.00,°C,2020-10-23,15,28
23732,Servidor,"Core 1",5.50,%,2020-10-23,15,28
23733,Servidor,"Core 2",3905.40,MHz,2020-10-23,15,28
23734,Servidor,"Core 2",44.00,°C,2020-10-23,15,28
23735,Servidor,"Core 2",14.10,%,2020-10-23,15,28
23736,Servidor,"Core 3",4005.50,MHz,2020-10-23,15,28
23737,Servidor,"Core 3",43.00,°C,2020-10-23,15,28
23738,Servidor,"Core 3",4.70,%,2020-10-23,15,28
23739,Servidor,"Core 4",3905.40,MHz,2020-10-23,15,28
23740,Servidor,"Core 4",41.00,°C,2020-10-23,15,28
23741,Servidor,"Core 4",0.00,%,2020-10-23,15,28
23742,Servidor,"Core 5",4005.50,MHz,2020-10-23,15,28
23743,Servidor,"Core 5",41.00,°C,2020-10-23,15,28
23744,Servidor,"Core 5",4.70,%,2020-10-23,15,28
23745,Servidor,"Core 6",3905.40,MHz,2020-10-23,15,28
23746,Servidor,"Core 6",42.00,°C,2020-10-23,15,28
23747,Servidor,"Core 6",3.10,%,2020-10-23,15,28
23771,Servidor,"Memoria uso %",36.50,%,2020-10-23,15,28
23772,Servidor,"Memoria uso GB",5.80,GB,2020-10-23,15,28
23773,Servidor,"Memoria livre GB",10.10,GB,2020-10-23,15,28
23774,Servidor,"Disco uso %",55.40,%,2020-10-23,15,28
23775,Servidor,"Disco temperatura",33.00,°C,2020-10-23,15,28
23776,Servidor,"Core 1",3905.40,MHz,2020-10-23,15,28
23777,Servidor,"Core 1",43.00,°C,2020-10-23,15,28
23778,Servidor,"Core 1",6.30,%,2020-10-23,15,28
23779,Servidor,"Core 2",4005.50,MHz,2020-10-23,15,28
23780,Servidor,"Core 2",44.00,°C,2020-10-23,15,28
23781,Servidor,"Core 2",21.90,%,2020-10-23,15,28
23782,Servidor,"Core 3",3905.40,MHz,2020-10-23,15,28
23783,Servidor,"Core 3",42.00,°C,2020-10-23,15,28
23784,Servidor,"Core 3",1.60,%,2020-10-23,15,28
23785,Servidor,"Core 4",3905.40,MHz,2020-10-23,15,28
23786,Servidor,"Core 4",41.00,°C,2020-10-23,15,28
23787,Servidor,"Core 4",1.60,%,2020-10-23,15,28
23788,Servidor,"Core 5",3905.40,MHz,2020-10-23,15,28
23789,Servidor,"Core 5",41.00,°C,2020-10-23,15,28
23790,Servidor,"Core 5",6.30,%,2020-10-23,15,28
23791,Servidor,"Core 6",3905.40,MHz,2020-10-23,15,28
23792,Servidor,"Core 6",42.00,°C,2020-10-23,15,28
23793,Servidor,"Core 6",3.10,%,2020-10-23,15,28
23863,Servidor,"Memoria uso %",36.50,%,2020-10-23,15,28
23864,Servidor,"Memoria uso GB",5.80,GB,2020-10-23,15,28
23865,Servidor,"Memoria livre GB",10.10,GB,2020-10-23,15,28
23866,Servidor,"Disco uso %",55.40,%,2020-10-23,15,28
23867,Servidor,"Disco temperatura",33.00,°C,2020-10-23,15,28
23868,Servidor,"Core 1",3905.40,MHz,2020-10-23,15,28
23869,Servidor,"Core 1",42.00,°C,2020-10-23,15,28
23870,Servidor,"Core 1",7.00,%,2020-10-23,15,28
23871,Servidor,"Core 2",3905.40,MHz,2020-10-23,15,28
23872,Servidor,"Core 2",43.00,°C,2020-10-23,15,28
23873,Servidor,"Core 2",12.50,%,2020-10-23,15,28
23874,Servidor,"Core 3",4005.50,MHz,2020-10-23,15,28
23875,Servidor,"Core 3",41.00,°C,2020-10-23,15,28
23876,Servidor,"Core 3",7.80,%,2020-10-23,15,28
23877,Servidor,"Core 4",3905.40,MHz,2020-10-23,15,28
23878,Servidor,"Core 4",42.00,°C,2020-10-23,15,28
23879,Servidor,"Core 4",3.10,%,2020-10-23,15,28
23880,Servidor,"Core 5",3905.40,MHz,2020-10-23,15,28
23881,Servidor,"Core 5",41.00,°C,2020-10-23,15,28
23882,Servidor,"Core 5",9.40,%,2020-10-23,15,28
23883,Servidor,"Core 6",3905.40,MHz,2020-10-23,15,28
23884,Servidor,"Core 6",41.00,°C,2020-10-23,15,28
23885,Servidor,"Core 6",6.30,%,2020-10-23,15,28
23909,Servidor,"Memoria uso %",36.80,%,2020-10-23,15,28
23910,Servidor,"Memoria uso GB",5.90,GB,2020-10-23,15,28
23911,Servidor,"Memoria livre GB",10.10,GB,2020-10-23,15,28
23912,Servidor,"Disco uso %",55.40,%,2020-10-23,15,28
23913,Servidor,"Disco temperatura",33.00,°C,2020-10-23,15,28
23914,Servidor,"Core 1",4005.50,MHz,2020-10-23,15,28
23915,Servidor,"Core 1",42.00,°C,2020-10-23,15,28
23916,Servidor,"Core 1",13.30,%,2020-10-23,15,28
23917,Servidor,"Core 2",3905.40,MHz,2020-10-23,15,28
23918,Servidor,"Core 2",43.00,°C,2020-10-23,15,28
23919,Servidor,"Core 2",18.80,%,2020-10-23,15,28
23920,Servidor,"Core 3",3905.40,MHz,2020-10-23,15,28
23921,Servidor,"Core 3",43.00,°C,2020-10-23,15,28
23922,Servidor,"Core 3",10.90,%,2020-10-23,15,28
23923,Servidor,"Core 4",3905.40,MHz,2020-10-23,15,28
23924,Servidor,"Core 4",41.00,°C,2020-10-23,15,28
23925,Servidor,"Core 4",7.80,%,2020-10-23,15,28
23926,Servidor,"Core 5",3905.40,MHz,2020-10-23,15,28
23927,Servidor,"Core 5",40.00,°C,2020-10-23,15,28
23928,Servidor,"Core 5",12.50,%,2020-10-23,15,28
23929,Servidor,"Core 6",3905.40,MHz,2020-10-23,15,28
23930,Servidor,"Core 6",43.00,°C,2020-10-23,15,28
23931,Servidor,"Core 6",15.60,%,2020-10-23,15,28
23978,Servidor,"Memoria uso %",36.60,%,2020-10-23,15,28
23979,Servidor,"Memoria uso GB",5.80,GB,2020-10-23,15,28
23980,Servidor,"Memoria livre GB",10.10,GB,2020-10-23,15,28
23981,Servidor,"Disco uso %",55.40,%,2020-10-23,15,28
23982,Servidor,"Disco temperatura",33.00,°C,2020-10-23,15,28
23983,Servidor,"Core 1",3905.40,MHz,2020-10-23,15,28
23984,Servidor,"Core 1",42.00,°C,2020-10-23,15,28
23985,Servidor,"Core 1",5.20,%,2020-10-23,15,28
23986,Servidor,"Core 2",4005.50,MHz,2020-10-23,15,28
23987,Servidor,"Core 2",44.00,°C,2020-10-23,15,28
23988,Servidor,"Core 2",12.50,%,2020-10-23,15,28
23989,Servidor,"Core 3",3905.40,MHz,2020-10-23,15,28
23990,Servidor,"Core 3",42.00,°C,2020-10-23,15,28
23991,Servidor,"Core 3",4.70,%,2020-10-23,15,28
23992,Servidor,"Core 4",3905.40,MHz,2020-10-23,15,28
23993,Servidor,"Core 4",41.00,°C,2020-10-23,15,28
23994,Servidor,"Core 4",3.10,%,2020-10-23,15,28
23995,Servidor,"Core 5",3905.40,MHz,2020-10-23,15,28
23996,Servidor,"Core 5",40.00,°C,2020-10-23,15,28
23997,Servidor,"Core 5",6.30,%,2020-10-23,15,28
23998,Servidor,"Core 6",3905.40,MHz,2020-10-23,15,28
23999,Servidor,"Core 6",41.00,°C,2020-10-23,15,28
24000,Servidor,"Core 6",3.10,%,2020-10-23,15,28
24116,Servidor,"Memoria uso %",36.50,%,2020-10-23,15,28
24117,Servidor,"Memoria uso GB",5.80,GB,2020-10-23,15,28
24118,Servidor,"Memoria livre GB",10.10,GB,2020-10-23,15,28
24119,Servidor,"Disco uso %",55.40,%,2020-10-23,15,28
24120,Servidor,"Disco temperatura",33.00,°C,2020-10-23,15,28
24121,Servidor,"Core 1",4005.50,MHz,2020-10-23,15,28
24122,Servidor,"Core 1",41.00,°C,2020-10-23,15,28
24123,Servidor,"Core 1",6.00,%,2020-10-23,15,28
24124,Servidor,"Core 2",3905.40,MHz,2020-10-23,15,28
24125,Servidor,"Core 2",43.00,°C,2020-10-23,15,28
24126,Servidor,"Core 2",21.90,%,2020-10-23,15,28
24127,Servidor,"Core 3",4005.50,MHz,2020-10-23,15,28
24128,Servidor,"Core 3",41.00,°C,2020-10-23,15,28
24129,Servidor,"Core 3",3.10,%,2020-10-23,15,28
24130,Servidor,"Core 4",3905.40,MHz,2020-10-23,15,28
24131,Servidor,"Core 4",39.00,°C,2020-10-23,15,28
24132,Servidor,"Core 4",0.00,%,2020-10-23,15,28
24133,Servidor,"Core 5",3905.40,MHz,2020-10-23,15,28
24134,Servidor,"Core 5",40.00,°C,2020-10-23,15,28
24135,Servidor,"Core 5",4.70,%,2020-10-23,15,28
24136,Servidor,"Core 6",3905.40,MHz,2020-10-23,15,28
24137,Servidor,"Core 6",41.00,°C,2020-10-23,15,28
24138,Servidor,"Core 6",3.10,%,2020-10-23,15,28
24139,Servidor,"Memoria uso %",36.50,%,2020-10-23,15,28
24140,Servidor,"Memoria uso GB",5.80,GB,2020-10-23,15,28
24141,Servidor,"Memoria livre GB",10.10,GB,2020-10-23,15,28
24142,Servidor,"Disco uso %",55.40,%,2020-10-23,15,28
24143,Servidor,"Disco temperatura",33.00,°C,2020-10-23,15,28
24144,Servidor,"Core 1",4005.50,MHz,2020-10-23,15,28
24145,Servidor,"Core 1",42.00,°C,2020-10-23,15,28
24146,Servidor,"Core 1",3.90,%,2020-10-23,15,28
24147,Servidor,"Core 2",3905.40,MHz,2020-10-23,15,28
24148,Servidor,"Core 2",42.00,°C,2020-10-23,15,28
24149,Servidor,"Core 2",10.90,%,2020-10-23,15,28
24150,Servidor,"Core 3",4005.50,MHz,2020-10-23,15,28
24151,Servidor,"Core 3",41.00,°C,2020-10-23,15,28
24152,Servidor,"Core 3",1.60,%,2020-10-23,15,28
24153,Servidor,"Core 4",3905.40,MHz,2020-10-23,15,28
24154,Servidor,"Core 4",39.00,°C,2020-10-23,15,28
24155,Servidor,"Core 4",1.60,%,2020-10-23,15,28
24156,Servidor,"Core 5",3905.40,MHz,2020-10-23,15,28
24157,Servidor,"Core 5",39.00,°C,2020-10-23,15,28
24158,Servidor,"Core 5",4.70,%,2020-10-23,15,28
24159,Servidor,"Core 6",3905.40,MHz,2020-10-23,15,28
24160,Servidor,"Core 6",40.00,°C,2020-10-23,15,28
24161,Servidor,"Core 6",1.60,%,2020-10-23,15,28
24254,Servidor,"Memoria uso %",36.40,%,2020-10-23,15,28
24255,Servidor,"Memoria uso GB",5.80,GB,2020-10-23,15,28
24256,Servidor,"Memoria livre GB",10.10,GB,2020-10-23,15,28
24257,Servidor,"Disco uso %",55.40,%,2020-10-23,15,28
24258,Servidor,"Disco temperatura",33.00,°C,2020-10-23,15,28
24259,Servidor,"Core 1",3905.40,MHz,2020-10-23,15,28
24260,Servidor,"Core 1",40.00,°C,2020-10-23,15,28
24261,Servidor,"Core 1",3.90,%,2020-10-23,15,28
24262,Servidor,"Core 2",4005.50,MHz,2020-10-23,15,28
24263,Servidor,"Core 2",42.00,°C,2020-10-23,15,28
24264,Servidor,"Core 2",7.80,%,2020-10-23,15,28
24265,Servidor,"Core 3",3905.40,MHz,2020-10-23,15,28
24266,Servidor,"Core 3",40.00,°C,2020-10-23,15,28
24267,Servidor,"Core 3",6.30,%,2020-10-23,15,28
24268,Servidor,"Core 4",4005.50,MHz,2020-10-23,15,28
24269,Servidor,"Core 4",38.00,°C,2020-10-23,15,28
24270,Servidor,"Core 4",1.60,%,2020-10-23,15,28
24271,Servidor,"Core 5",3905.40,MHz,2020-10-23,15,28
24272,Servidor,"Core 5",38.00,°C,2020-10-23,15,28
24273,Servidor,"Core 5",3.10,%,2020-10-23,15,28
24274,Servidor,"Core 6",3905.40,MHz,2020-10-23,15,28
24275,Servidor,"Core 6",40.00,°C,2020-10-23,15,28
24276,Servidor,"Core 6",0.00,%,2020-10-23,15,28
24277,Servidor,"Memoria uso %",36.50,%,2020-10-23,15,28
24278,Servidor,"Memoria uso GB",5.80,GB,2020-10-23,15,28
24279,Servidor,"Memoria livre GB",10.10,GB,2020-10-23,15,28
24280,Servidor,"Disco uso %",55.40,%,2020-10-23,15,28
24281,Servidor,"Disco temperatura",33.00,°C,2020-10-23,15,28
24282,Servidor,"Core 1",3905.40,MHz,2020-10-23,15,28
24283,Servidor,"Core 1",41.00,°C,2020-10-23,15,28
24284,Servidor,"Core 1",4.40,%,2020-10-23,15,28
24285,Servidor,"Core 2",3905.40,MHz,2020-10-23,15,28
24286,Servidor,"Core 2",43.00,°C,2020-10-23,15,28
24287,Servidor,"Core 2",6.30,%,2020-10-23,15,28
24288,Servidor,"Core 3",3905.40,MHz,2020-10-23,15,28
24289,Servidor,"Core 3",40.00,°C,2020-10-23,15,28
24290,Servidor,"Core 3",4.70,%,2020-10-23,15,28
24291,Servidor,"Core 4",3905.40,MHz,2020-10-23,15,28
24292,Servidor,"Core 4",39.00,°C,2020-10-23,15,28
24293,Servidor,"Core 4",1.60,%,2020-10-23,15,28
24294,Servidor,"Core 5",3905.40,MHz,2020-10-23,15,28
24295,Servidor,"Core 5",39.00,°C,2020-10-23,15,28
24296,Servidor,"Core 5",6.30,%,2020-10-23,15,28
24297,Servidor,"Core 6",3905.40,MHz,2020-10-23,15,28
24298,Servidor,"Core 6",41.00,°C,2020-10-23,15,28
24299,Servidor,"Core 6",4.70,%,2020-10-23,15,28
